Vessel,Expedition_Leg,Science program,Start date,Start port city,Start port country,End date,End port city,End port country,Total (days),In port (days),In transit (days),On site (days),Off site (days),"Coring, drilling, tripping (days)",Logging & downhole tools (days),"Reentry, casing, cementing (days)",Remedial action (days),"Engineering, completion, CORK (days)","Lost time [weather, repairs] (days)",Other (days),Sites,Holes,Cores,Distance traveled (nmi),Average transit speed (kn),Total penetration (m),Interval drilled (m),Interval cored (m),Core recovered (m),Recovery (%),Maximum water depth (m),Minimum water depth (m),Seafloor camera deployments,Reentries,Staff Scientist*,Operations Superintendent*,Lab Officer,Curator*,Co-chiefs
GLOMAR CHALLENGER,1,Acceptance Trials & Salt Domes,11-Aug-68,Orange,USA,23-Sep-68,Hoboken,USA,42,,12,30,,,,,,,,,7,10,56,,,437.6,10.6,427,195.7,,5360,2822,,,,James Dean,David Worth,,Maurice Ewing & J. Lamar Worzel
GLOMAR CHALLENGER,2,North Atlantic Ocean Seafloor Spreading,23-Sep-68,Hoboken,USA,25-Nov-68,Dakar,Senegal,55,,,32,,,,,,,,,5,10,82,4800,,2483.1,902.3,1580.8,215.7,35,,,,,,Dan Bullard,Michael Lehman,,N. Terence Edgar & Melvin Peterson
GLOMAR CHALLENGER,3,Equatorial and South Atlantic Seafloor Spreading,25-Nov-68,Dakar,Senegal,24-Jan-69,Rio de Janeiro,Brazil,55,,23.94,30.77,,27.21,0.75,,,,1.07,1.3,10,19,105,6163,,2249.3,1417.8,831.5,752.11,,,,,,,James Dean,Michael Lehman,,Arthur Maxwell & Richard von Herzen
GLOMAR CHALLENGER,4,Atlantic and Caribbean Continental Margins and Seafloor Spreading,24-Jan-69,Rio de Janeiro,Brazil,24-Mar-69,Balboa,Panama,57,,,,,,,,,,,,9,15,102,,,1635.5,735.6,899.9,385.7,,,,,,,Dan Bullard,Robert Iuliucci,,Richard Bader & Robert Gerard
GLOMAR CHALLENGER,5,Northeast Pacific Fracture Zones and Magnetic Anomalies,24-Mar-69,San Diego,USA,5-Jun-69,Honolulu,USA,54.13,,17.57,35,,,,,,,,,12,14,,4258,,,,,,,,,,,,William Allinder,Michael Lehman,,Robert Burns & Dean McManus
GLOMAR CHALLENGER,6,Northwest Pacific Crustal Accretion,5-Jun-69,Honolulu,USA,5-Aug-69,Apra Harbor,Guam,60.02,6.23,23.04,30.75,,25.92,1.4375,,0.125,,0.145833333,3.125,17,36,128,5509,10,3160,,953,689,72.2,,,,,,Dan Bullard,Robert Iuliucci,,Alfred Fischer & Bruce Heezen
GLOMAR CHALLENGER,7,Western Equatorial Pacific Crustal Age,5-Aug-69,Apra Harbor,Guam,2-Oct-69,Honolulu,USA,56,,,,,,,,,,,,7,15,,5934,,4436,,1174,948,80.7,,,,,,Valdemar Larson,Michael Lehman,,William Riedel & Edward Winterer
GLOMAR CHALLENGER,8,East Central Equatorial Pacific Ocean Current System,2-Oct-69,Honolulu,USA,2-Dec-69,Papeete,Tahiti,56,,,,,,,,,,,,8,17,183,4616,,3463,,1470,1225,83.3,,,,,,William Allinder,Robert Iuliucci,,George Sutton & Joshua Tracey Jr.
GLOMAR CHALLENGER,9,East Pacific Rise Seafloor Spreading,2-Dec-69,Papeete,Tahiti,27-Jan-70,Balboa,Panama,56.24,4.36,24.55,25.9,,22.94,,,,,,2.96,9,17,202,5669,9.36,3579,,1693,1539,90.9,,,,,,James Dawson,Michael Lehman,,James Hays
GLOMAR CHALLENGER,10,Gulf of Mexico Sedimentary Transitions,13-Feb-70,Galveston,USA,5-Apr-70,Miami,USA,52,,,,,,,,,,,,13,14,,,,,,1154.25,736.01,,,,,,,William Allinder,Ted Gustafson,,William Bryant & J. Lamar Worzel
GLOMAR CHALLENGER,11,Western North Atlantic Paleoenvironment,5-Apr-70,Miami,USA,1-Jun-70,Hoboken,USA,57.03,3.49,9.54,41.83,,33.62,,,,,0.21,8.21,11,15,153,2149,9.4,6159,,1325,633,47.8,,,,,,James Dawson,Ted Gustafson/Michael Lehman,,John Ewing & Charles Hollister
GLOMAR CHALLENGER,11C,Re-entry System Sea Trials,1-Jun-70,Hoboken,USA,16-Jun-70,Boston,USA,16,,,,,,,,,,,,,,,,,,,,,,,,,,,Valdemar Larson,,,
GLOMAR CHALLENGER,12,North Atlantic Evolution and Crustal Age,16-Jun-70,Boston,USA,11-Aug-70,Lisbon,Portugal,54,,,,,,,,,,,,9,13,,4215,,5903,,1449,838.35,57.2,4911,1048,,,,William Allinder,Michael Lehman,,William Berggren & Anthony Laughton
GLOMAR CHALLENGER,13,Mediterranean Sea Origin and Development,11-Aug-70,Lisbon,Portugal,6-Oct-70,Lisbon,Portugal,56.01,2.7,20.48,32.83,,29.62,,,,,0.77,2.44,15,28,201,4480,8.4,6277,4853.5,1423.5,640.3,44.3,4654,1163,,,,Roy Anderson,Ted Gustafson,,Kenneth Hsu & William Ryan
GLOMAR CHALLENGER,14,West Africa and Northern South America Sedimentation and Structural Evolution,6-Oct-70,Lisbon,Portugal,1-Dec-70,San Juan,Puerto Rico,56,,,,,,,,,,,,10,18,98,5420,,4993,4242,751,406.78,54,,,,,,Dell Redding,Michael Lehman,,Dennis Hayes & Anthony Pimm
GLOMAR CHALLENGER,15,Caribbean Sea Age and History,1-Dec-70,San Juan,Puerto Rico,2-Feb-71,Cristobal,Panama,62.9,9.33,18.38,35.19,,27.04,,6.15,,,0.98,1.02,10,15,264,4083,9.26,4410,2079,2331,1233.4,52.9,4545,892,,,,Roy Anderson,Robert Iuliucci,,N. Terence Edgar & John Saunders
GLOMAR CHALLENGER,16,Panama Basin Depositional History,2-Feb-71,Cristobal,Panama,30-Mar-71,Honolulu,USA,56.16,3.18,26.46,26.52,,23.47,,0.98,,,0.59,1.56,9,12,207,6411,10.63,2513,752,1761,1259.8,71.5,5330,1963,,,,Dell Redding,Michael Lehman,,G. Ross Heath & Tjeerd van Andel
GLOMAR CHALLENGER,17,Central Pacific Seamounts and Oceanic Crustal Age,30-Mar-71,Honolulu,USA,25-May-71,Honolulu,USA,55.88,4.68,20.49,30.7,,28.51,,,,,0.38,1.81,8,10,248,4783,9.16,3250,879,2371,904.6,38.2,5792,2295,,,,Thomas Maxwell,Ted Gustafson,,John Ewing & Edward Winterer
GLOMAR CHALLENGER,18,"Gorda, Juan de Fuca, and Explorer Ridge Subduction Zones",25-May-71,Honolulu,USA,19-Jul-71,Kodiak,USA,55.02,3.93,19.52,31.26,0.31,28.6,,,,,1.37,1.29,11,15,280,4026.5,8.9,4166,1683,2483,1215,48.9,4933,197,,,Oscar Weser,Lamar Hayes,Robert Iuliucci,,LaVerne Kulm & Roland von Huene
GLOMAR CHALLENGER,19,North Pacific Cenozoic and Mesozoic Sedimentation History,20-Jul-71,Kodiak,USA,13-Sep-71,Yokohama,Japan,55.16,3.15,20.33,31.6,,30.38,,,,,0.4575,0.764166667,11,16,256,4341,8.58,9969,7783,2186,1062.1,48.6,4821,1920,,,Peter Supko,Thomas Maxwell,Michael Lehman,,Joe Creager & David Scholl
GLOMAR CHALLENGER,20,West Pacific Abyssal Geologic History,13-Sep-71,Yokohama,Japan,10-Nov-71,Suva,Fiji,57.8,4.37,24.61,28.46,,20.98,,,,,5.41,2.07,9,13,55,5269,9.2,3171,2698,473.5,161,34,6194,5754,,,,Lamar Hayes,Ted Gustafson,,Bruce Heezen & Ian MacGregor
GLOMAR CHALLENGER,21,Tasman Sea Tectonic History,10-Nov-71,Suva,Fiji,11-Jan-72,Darwin,Australia,62.29,5.56,23.45,25.63,,23.84,,,,,7.69,1.75,8,14,288,6503,9.15,4707,2133,2574,1388.6,53.9,5364,1399,,,,Theodore Bangs,Michael Lehman,,James Andrews & Robert Burns
GLOMAR CHALLENGER,22,Indian Ocean Age and Formation,11-Jan-72,Darwin,Australia,6-Mar-72,Colombo,Sri Lanka,55,2.42,24.52,28.06,,26.56,,,,,0.15,1.31,8,11,275,5724,9.88,4633,2090,2543,1379.7,55,6243,1665,,,,Lamar Hayes,Ted Gustafson,,John Sclater & Christopher von der Borch
GLOMAR CHALLENGER,23,Arabian and Red Sea Stratigraphic Record,6-Mar-72,Colombo,Sri Lanka,1-May-72,Djibouti,Djibouti,55.92,2.48,22.63,30.81,,27.84,,,,,0.27,2.71,12,14,308,4866,9.17,5393,2808,2594,1426.9,55,4679,851,,,,Theodore Bangs,Robert Iuliucci,,David Ross & Oscar Weser & Robert Whitmarsh
GLOMAR CHALLENGER,24,Gulf of Aden Oceanic Development,1-May-72,Djibouti,Djibouti,26-Jun-72,Port Louis,Mauritius,55.625,1.66,2.41,23.27,,26.87,,,,,0.93,0.49,8,11,349,5435.9,8.92,4453.5,1259.5,3194,1994.1,62.4,5146,1640,,,,Lamar Hayes,Michael Lehman,,Elizabeth Bunce & Robert Fisher
GLOMAR CHALLENGER,25,Indian Ocean Geologic and Oceanographic History,26-Jun-72,Port Louis,Mauritius,22-Aug-72,Durban,South Africa,57.1,2.6,28.1,26.4,,24,,,,,0.3,2.1,11,13,171,5408,8.5,4253,2859,1394,790.3,56.7,5082,944,,,,John Shore,Ted Gustafson,,Roland Schlich & E.S.W. Simpson
GLOMAR CHALLENGER,26,Indian Ocean Formation and Evolution,22-Aug-72,Durban,South Africa,30-Oct-72,Fremantle,Australia,68.76,14.92,25.44,28.38,,25.38,,,,,1.38,1.62,9,12,246,5695.9,9.26,3893,1695,2234,1184.85,51.4,5371,1154,,,,Lamar Hayes,Michael Lehman,,Thomas Davies & Bruce Luyendyk
GLOMAR CHALLENGER,27,Eastern Indian Ocean Basement and Paleoenvironment,30-Oct-72,Fremantle,Australia,20-Dec-72,Fremantle,Australia,51.01,13.55,16.31,21.15,,19.38,,,,,0.69,1.08,5,5,176,3736,9.54,2444.5,874,1570.5,960.3,61.1,5709,2315,,,,Carl Morris,Ted Gustafson,,James Heirtzler & John Veevers
GLOMAR CHALLENGER,28,Antarctic Glacial and Geologic History,20-Dec-72,Fremantle,Australia,27-Feb-73,Christchurch,New Zealand,68.8,0.43,36.25,32.13,,29.09,,,,,1.58,1.46,11,16,329,7400.5,8.9,5645.5,2632.5,3014,1404.6,46.6,4574,505,,,Ansis Kaneps,Lamar Hayes,Robert Iuliucci,,Dennis Hayes & Lawrence Frakes
GLOMAR CHALLENGER,29,Antarctic Bottom Water and Basement,27-Feb-73,Christchurch,New Zealand,18-Apr-73,Wellington,New Zealand,50.23,3.49,22.05,24.69,,21.69,,,,,1.35,1.65,10,16,215,4245,8.02,3198.5,1290,1908.5,1181.6,61.9,4766,1078,,,,Carl Morris,Robert Olivas,,James Kennett & Robert Houtz
GLOMAR CHALLENGER,30,Southwest Pacific Arc and Marginal Sea Complex,18-Apr-73,Wellington,New Zealand,13-Jun-73,Apra Harbor,Guam,56,6.4,22.2,27.4,,23.2,,,,,1.4,2.8,5,9,250,5272.5,10.1,4140,1808,2332,1163.9,49.9,4674,2224,,,,Valdemar Larson,Ted Gustafson,,James Andrews & Gordon Packham
GLOMAR CHALLENGER,31,Sea of Japan Tectonic Evolution,13-Jun-73,Apra Harbor,Guam,4-Aug-73,Hakodate,Japan,52.3,2,18.2,32.1,,29.3,,,,,0.5,2.3,13,17,285,4111.5,9.9,6272.5,3661,2611.5,1233.5,47.2,6057,2399,,,Stan White,John Shore,Michael Lehman,,James Ingle & Daniel Karig
GLOMAR CHALLENGER,32,Pacific Ocean Basement and Tectonic Evolution,4-Aug-73,Hakodate,Japan,10-Oct-73,Honolulu,USA,67.6,11.52,21.3,34.77,,29.84,,,,,2.67,2.26,11,12,241,4712,8.7,3579.5,1369,2210.5,738.8,33.4,5708,1346,,,James Gardner,Lamar Hayes,Ted Gustafson,,Roger Larson & Ralph Moberly
GLOMAR CHALLENGER,33,Leg Hot Spot,10-Oct-73,Honolulu,USA,17-Dec-73,Papeete,Tahiti,67.7,23.7,20.5,24.1,,22.2,,,,,,1.9,5,8,184,4004,8.3,4465,2747.5,1718,883.9,51.5,5225,2622,,,Ansis Kaneps,Stanley Serocki,Robert Iuliucci,,Everett Jackson & Seymour Schlanger
GLOMAR CHALLENGER,34,Nazca Plate Basement and Metalliferous Sediments,17-Dec-73,Papeete,Tahiti,2-Feb-74,Callao,Peru,46.9,3.1,23.1,20.7,,11.3,,,,,3.2,6.2,3,6,45,4503.2,8.14,705.5,320.5,385,231.5,60.1,4927,4296,,,,Erick Jansson,Michael Lehman,Dennis Bohrer,Stanley Hart & Robert Yeats
GLOMAR CHALLENGER,35,Pacific Antarctic Basin Basement and Paleocirculation,2-Feb-74,Callao,Peru,30-Mar-74,Ushuaia,Argentina,56.3,11.6,28.2,16.5,,12.6,,,,,3,0.9,4,4,55,5239,7.7,2212,1696.5,515,192.5,37.3,5036,3755,,,,Lamar Hayes,Ted Gustafson,Paula Worstell,Campbell Craddock & Charles Hollister
GLOMAR CHALLENGER,36,Atlantic Antarctic Basin Magnetic Anomalies and Paleocirculation,30-Mar-74,Ushuaia,Argentina,22-May-74,Rio de Janeiro,Brazil,52.61,4.52,24.93,20.65,2.51,13.4,,,,,7.25,,6,10,107,4653.4,7.78,2480,1474,1006,578.7,57.5,5103,1531.5,,,,Otis Moore,Michael Lehman,,Peter Barker & Ian Dalziel
GLOMAR CHALLENGER,37,Mid-Atlantic Ridge Oceanic Crust,22-May-74,Rio de Janeiro,Brazil,29-Jul-74,Dublin,Ireland,67.67,6.63,26.24,34.8,,23.77,,2.06,,,2.48,6.49,4,9,156,5987,9.5,3191,1414.5,1776.5,405.8,22.8,3198,1680,,,Paul Robinson,David Edmiston,Gerald Bode,James Harrington,Fabrizio Aumento & William Melson
GLOMAR CHALLENGER,38,Norwegian-Greenland Sea Tectonics and Glaciation,29-Jul-74,Dublin,Ireland,25-Sep-74,Amsterdam,Netherlands,58.46,4.16,22.44,31.86,,14.27,,,,,3.96,13.63,17,17,354,4285.8,8.95,5278,2041.5,3236.5,1804.7,55.8,3216,741,,,Stan White,M. D. Pennock,Ted Gustafson,,Manik Talwani & Gleb Udintsev
GLOMAR CHALLENGER,39,West Atlantic Paleocirculation,25-Sep-74,Amsterdam,Netherlands,17-Dec-74,Cape Town,South Africa,82.58,12.13,43.18,27.27,,24.45,,,,,1.36,1.46,7,11,165,9849,9.5,4660,3126,1535,1057.05,68.86,5177,1668,,,Peter Supko,David Edmiston,Michael Lehman,,Katharina Perch-Nielsen & Peter Supko
GLOMAR CHALLENGER,40,Southeast Atlantic Continental Margin,17-Dec-74,Cape Town,South Africa,15-Feb-75,Abidjan,Ivory Coast,60.1,8.6,17.1,34.4,,32.2,,,,,0.5,1.7,6,7,249,3549,9,6528,4189.5,2338.5,1501.6,64.2,4557.5,1336,,,James Natland,Glen Foss,Ted Gustafson,,Hans Bolli & William Ryan
GLOMAR CHALLENGER,41,Evolution of the Eastern Basins of the North Atlantic,15-Feb-75,Abidjan,Ivory Coast,10-Apr-75,Malaga,Spain,53.9,2.52,16.56,34.82,,32.39,,,,,0.95,1.48,5,7,300,3344.5,8.5,5062,2276,2786,1672.95,60.04,4758,1770,,,James Gardner,Robert Knapp,Michael Lehman,,Yves Lancelot & Eugen Seibold
GLOMAR CHALLENGER,42,Pre-Messinian History of the Mediterranean,10-Apr-75,Malaga,Spain,11-Jun-75,Istanbul,Turkey,61.9,4.31,16.73,40.86,,36.22,,,,,0.53,4.09,11,17,401,4010,8.53,7199.5,3689.3,3510.2,1945,55.4,4090,1750.5,,,Robert Kidd/Peter Supko,M. D. Pennock,Gerald Bode,,Kenneth Hsu & Lucien Montadert & David Ross & Yuri Neprochnov
GLOMAR CHALLENGER,43,Deep Western North Atlantic Basin,11-Jun-75,Istanbul,Turkey,12-Aug-75,Norfolk,USA,61.4,3.8,34.7,22.9,,21.1,,,,,0.6,1.2,6,6,189,7125,7.7,3131.7,1363.2,1768.5,957.9,54.2,5537,3920,,,Ansis Kaneps,Glen Foss,Ted Gustafson,,Brian Tucholke & Peter Vogt
GLOMAR CHALLENGER,44,Western North Atlantic Paleoenvironment,12-Aug-75,Norfolk,USA,30-Sep-75,Norfolk,USA,49.13,4.1,10.8,34.2,,24.2,,3,,,1.3,5.7,5,11,149,2243,8.64,3366.5,2024,1342.5,546.81,40.7,4981,2606.5,,,Paula Worstell,Robert Knapp,Donald Marsee,Jean Westberg,William Benson & Robert Sheridan
GLOMAR CHALLENGER,44A,"Engineering Trials, Re-entry and Casing",4-Nov-75,Norfolk,USA,27-Nov-75,San Juan,Puerto Rico,23.1,2.3,8,12.8,,5.1,,2.5,,,2.9,2.3,2,5,8,1463,8.9,619.5,545,74.5,31.1,41.7,4961.5,4961.5,,,,Glen Foss,,,William Benson
GLOMAR CHALLENGER,45,Mid-Atlantic Ridge Oceanic Crust,27-Nov-75,San Juan,Puerto Rico,20-Jan-76,San Juan,Puerto Rico,53.9,2.4,12.4,39.1,,27.3,,6.1,,,1.9,3.8,2,3,112,2613,9.12,1070.23,76.15,994.08,327.61,32.96,4527,4460,,,James Natland,Valdemar Larson,Michael Lehman,Adele Caldara,William Melson & Philip Rabinowitz
GLOMAR CHALLENGER,46,Mid-Atlantic Ridge Oceanic Crust,20-Jan-76,San Juan,Puerto Rico,10-Mar-76,Las Palmas,Canary Islands,50.05,8.05,14.6,27.4,,13.8,,3.24,,,2.36,8,1,2,35,2934.8,8.4,529,356.5,283,64.2,22.6,4465,4465,,,R. James Kirkpatrick,Robert Knapp,Gerald Bode,Anthony Gorody,Leonid Dmitriev & James Heirtzler
GLOMAR CHALLENGER,47,Deep African & Iberian Continental Margin,10-Mar-76,Las Palmas,Canary Islands,12-May-76,Brest,France,62.5,10.14,9.81,42.55,,33.5,,1.3,,,4,3.8,2,7,301,1824,8.6,4849.5,2040,2809.5,1812.5,64.5,3900,2910,,,Oscar Weser,Glen Foss,Ted Gustafson,Patricia Paluso/Linda Garifal,William Ryan & Jean-Claude Sibuet & Ulrich von Rad
GLOMAR CHALLENGER,48,Passive Margin Paleoenvironments,12-May-76,Brest,France,13-Jul-76,Aberdeen,Scotland,61.86,9.65,11.41,40.8,,29.59,,0.54,,,2.37,8.3,8,10,318,1935.4,8.7,3992,910.5,2995.5,1230.22,41.06,4414,2317,,,Robert Thompson,Robert Knapp,Michael Lehman,Steve Richards,Lucien Montadert & David Roberts
GLOMAR CHALLENGER,49,North Atlantic Magmatism and Glaciation,13-Jul-76,Aberdeen,Scotland,4-Sep-76,Funchal,Madeira Islands,53.47,6.92,23.8,22.75,,16.99,,,,,1.99,3.77,8,10,207,4717.6,8.3,2679.5,736,1943.5,881.43,45.35,2987,842,,,George Sharman,Donald Collins,Ted Gustafson,Barbara Long,Joe Cann & Bruce Luyendyk
GLOMAR CHALLENGER,50,Early Atlantic Ocean Evolution,4-Sep-76,Funchal,Madeira Islands,10-Nov-76,Funchal,Madeira Islands,66.49,7.53,7.28,51.68,,33.1,2.9,6.8,,,4.5,4.4,2,5,80,1334,8.1,3062,2354.7,707.3,357.6,50.6,4203,2817,,,Robert Boyce,Glen Foss,Gerald Bode,Trudy Wood,Yves Lancelot & Edward Winterer
GLOMAR CHALLENGER,51,Atlantic Ocean Basement Transitions I,10-Nov-76,Funchal,Madeira Islands,17-Jan-77,San Juan,Puerto Rico,68.24,14.88,21.67,28.97,,19.86,1.4,3.6,,,5.34,4.1,1,5,96,4624.2,9.27,1116.5,323.9,801.1,460.91,57.46,5489,5478.2,,,Matthew Salisbury,Robert Knapp,Ted Gustafson,Linda Garifal,Thomas Donnelly & Jean Francheteau
GLOMAR CHALLENGER,52,Atlantic Ocean Basement Transitions II,17-Jan-77,San Juan,Puerto Rico,9-Mar-77,San Juan,Puerto Rico,51.01,3.82,4.5,41.3,,28.5,,6.1,,,2.2,5.8,2,3,71,878.7,8.4,819.5,187,566,335.31,59.2,5519,5519,,,Stan White,Robert Knapp,Burnette Hamlin,Steve Richards,Wilfred Bryan & Paul Robinson
GLOMAR CHALLENGER,53,Atlantic Ocean Basement Transitions III,9-Mar-77,San Juan,Puerto Rico,25-Apr-77,Cristobal,Panama,47.33,4.34,8.87,34.12,,21.5,,3.8,,,4.2,4.7,1,2,73,1867,8.95,626.9,0,626.9,405.7,64.7,5523,5519,,,Dennis Bohrer,Glen Foss,Ted Gustafson,Dennis Bohrer,Martin Flower & Hubert Staudigel
GLOMAR CHALLENGER,54,East Pacific Rise Fast Spreading,25-Apr-77,Cristobal,Panama,18-Jun-77,Los Angeles,USA,53.7,3.9,31.3,17.8,,14.9,,,,,1.2,2.4,11,18,102,6567.5,9.05,1282,435,847,461.37,54.5,3848,2617,,,James Natland,Robert Knapp,James Pine,William Brennan,Rogert Hekinian & Bruce Rosendahl
GLOMAR CHALLENGER,55,Hawaiian-Emperor Seamount Chain,18-Jun-77,Los Angeles,USA,6-Sep-77,Yokohama,Japan,80.03,0.96,36.29,18.5,,14.39,,1.75,,,0.15,24.28,4,11,104,7862,9.73,1230.5,424,806.5,404.5,50.15,1874,1320,,,R. James Kirkpatrick,V. Barry Robson,Ted Gustafson/Burnette Hamlin,Kathleen O'Neill,E. Dale Jackson & Itaru Koizumi
GLOMAR CHALLENGER,56,Japan Trench Transect I,6-Sep-77,Yokohama,Japan,10-Oct-77,Tokyo,Japan,34.05,4.2,6.15,23.7,,17.5,,,,,4.3,1.6,4,7,142,1165.2,8.01,2050,736,1322.5,496.78,37.5,6000.5,3413,,,Charles Adelseck,V. Barry Robson,Richard Myers,James Harrington,Marcus Langseth & Hakuyu Okada
GLOMAR CHALLENGER,57,Japan Trench Transect II,10-Oct-77,Tokyo,Japan,4-Dec-77,Yokohama,Japan,55.1,7.35,6.37,41.33,,24.9,4.4,1.1,,,7.5,2.7,4,10,273,1302,9.1,5832.7,3308.8,2523.9,1423.7,56.4,5665,1557.5,,,Michael Arthur,Glen Foss,Michael Lehman,Linda Garifal,Roland von Huene & Noriyuki Nasu
GLOMAR CHALLENGER,58,Philippine Sea Active Oceanic Margins,4-Dec-77,Yokohama,Japan,30-Jan-78,Naha,Japan,56.8,7.04,9,40.76,,34.82,,0.55,,,3.3,1.55,5,9,324,1771,7.25,3759.5,721.5,2971.5,1591.82,53.5,4980,3382,,,Stan White,Robert Knapp,Ted Gustafson,William Mills,George deVries Klein & Kazuo Kobayashi
GLOMAR CHALLENGER,59,South Philippine Sea Island Arcs and Inter-arc Basins,30-Jan-78,Naha,Japan,15-Mar-78,Apra Harbor,Guam,43.94,3.97,8.2,31.38,,27.1,,,,,1.7,2.3,5,7,322,1643.5,8,3226,427.5,2798.5,1162.1,41.5,6031,2086,,,John Usher,Glen Foss,Michael Lehman,Kathleen O'Neill,Loren Kroenke & Robert Scott
GLOMAR CHALLENGER,60,Marianas Arc Transect,15-Mar-78,Apra Harbor,Guam,15-May-78,Apra Harbor,Guam,61.15,7.11,12.08,41.96,,33.3,6.39,,,,0.75,1.52,10,17,293,2445,8.76,2831,115,2716,832.99,30.6,7044,2647,,,James Natland,Robert Knapp,Ted Gustafson,James Harrington,Donald Hussong & Seiya Uyeda
GLOMAR CHALLENGER,61,Central Pacific Oldest Oceanic Crust,15-May-78,Apra Harbor,Guam,29-Jul-78,Majuro,Marshall Islands,74.98,11.28,11.95,51.75,,34.5,3.7,4,,,7.4,2.1,1,2,161,2449,8.25,1685.5,440,1245.5,665.7,58.9,5189,5186,,,Robert Boyce,Glen Foss,Gerald Bode,William Mills,Seymour Schlanger & Robert Larson
GLOMAR CHALLENGER,62,North Pacific Paleoceanography,30-Jul-78,Majuro,Marshall Islands,6-Sep-78,Honolulu,USA,39.8,0.3,19.92,19.85,,16.32,,,,,2.33,2.2,4,5,218,3933.6,,2015,39,1976,635.27,32.1,4670,2165.6,,,Charles Adelseck,Robert Knapp,Michael Lehman,William Mills,Jorn Thiede & Tracy Vallier
GLOMAR CHALLENGER,63,Channel Islands Paleoenvironment,6-Sep-78,Honolulu,USA,27-Nov-78,Mazatlan,Mexico,81.69,20.33,20.89,37.71,2.76,28.4,4.2,,,,0.8,4.3,7,11,398,4288.2,8.8,3919,272.3,3640.8,1522.8,41.8,3847.5,1752,,,Kenneth Pisciotto,Glen Foss,Ted Gustafson,Kathleen O'Neill,Bilal Haq & Robert Yeats
GLOMAR CHALLENGER,64,Guaymas Basin I,27-Nov-78,Mazatlan,Mexico,14-Jan-79,Los Angeles,USA,48.08,3.97,11.92,32.19,,24.02,4.58,,,,0,3.77,8,14,344,2002.2,8.46,3462.3,526.3,2936,1631.35,55.56,3043,674.5,,,Kerry Kelts,Henri Martial,Donald Cameron,,Joseph Curray & David Moore
GLOMAR CHALLENGER,65,Guaymas Basin II,14-Jan-79,Los Angeles,USA,13-Mar-79,Mazatlan,Mexico,57.7,5.9,5.5,46.3,,32.1,3.3,2.4,,,2.1,6.4,4,15,179,1036.4,7.7,2003,680,1323,750.43,56.7,3084,2899.5,,,Matthew Salisbury,Robert Knapp,Ted Gustafson,Kathleen O'Neill,Brian Lewis & Paul Robinson
GLOMAR CHALLENGER,66,East Pacific Continental Margin Structure,13-Mar-79,Mazatlan,Mexico,2-May-79,Manzanillo,Mexico,50.36,6.13,5.45,38.78,,32.7,1.7,,,,2.1,4.4,8,14,353,1159.4,9.2,3611,456,3155,1844.1,58.5,5157,670,,,Thomas Shipley,Glen Foss,Burnette Hamlin,William Mills,Casey Moore & Joel Watkins
GLOMAR CHALLENGER,67,Guatamala Trench Subduction Convergence,2-May-79,Manzanillo,Mexico,27-Jun-79,Puntarenas,Costa Rica,56,6.8,8.9,40.3,,29,3.5,,,,2,5.8,7,15,254,1596.9,7.52,3463.5,1147.5,2315.5,1181.27,51,6132,2064,,,William Coulbourn,Robert Knapp,Ted Gustafson,Kathleen O'Neill,Jean Aubouin & Roland von Huene
GLOMAR CHALLENGER,68 - Site 501,Galapagos Spreading Center Young Oceanic Crust,27-Jun-79,Puntarenas,Costa Rica,19-Jul-79,Balboa,Panama,21.23,7.69,5.9,7.64,,3.35,3.68,,,,0.24,0.36,1,1,20,1047.9,,337.1,190,147.1,74.5,50.7,3466.9,3466.9,,,James Natland,Glen Foss,Michael Lehman,William Mills,Joe Cann & Stan White
GLOMAR CHALLENGER,68,Neogene History of the Western Caribbean and Eastern Equatorial Pacific,13-Aug-79,Willemstad,Curacao,18-Sep-79,La Libertad,Ecuador,35.7,4.6,13.3,17.8,,17.21,,,,,,0.6,2,7,259,2935.3,9.4,1109.5,98,1011.5,786.67,77.8,3678.5,3051.5,,,Charles Adelseck,Robert Knapp,Michael Lehman/Ted Gustafson,William Mills/Amy Altman,James Garner & Warren Prell
GLOMAR CHALLENGER,69,Costa Rica Rift Active Spreading Center,18-Sep-79,La Libertad,Ecuador,29-Oct-79,Balboa,Panama,40.98,0.56,4.27,36.15,,20.2,7.1,4.7,,,2.2,1.9,2,7,91,941,9.3,1851,1067,507,260.3,51.3,3548.5,3468,,,James Natland,Glen Foss,Ted Gustafson,Amy Altman,Joe Cann & Marcus Langseth
GLOMAR CHALLENGER,70,Galapagos Spreading Center Geothermal Conditions,29-Oct-79,Balboa,Panama,28-Dec-79,Valparaiso,Chile,59.9,13.3,16,30.6,,20.54,3.02,1.9,,,0.24,4.9,6,33,151,3116.1,8.3,1450,632.6,817.4,477.93,58.5,3473.5,2699.1,,,Peter Borella,Robert Knapp,Michael Lehman,Kathleen O'Neill,Jose Honnorez & Richard von Herzen
GLOMAR CHALLENGER,71,South Atlantic Cenozoic and Mesozoic Paleoenvironment I,28-Dec-79,Valparaiso,Chile,21-Feb-80,Santos,Brazil,55.05,6.2,26.99,21.86,,14.9,0.6,,,,5.6,0.8,4,6,173,5466.1,8.3,1441.5,138.5,1303,822.4,63.1,4381,1843.9,,,John Usher,Glen Foss/Robert Knapp,Gerald Bode,Amy Altman,Valery Krasheninnikov & William Ludwig
GLOMAR CHALLENGER,72,South Atlantic Cenozoic and Mesozoic Paleoenvironment II,21-Feb-80,Santos,Brazil,8-Apr-80,Santos,Brazil,46.92,5.54,9.53,31.85,,27.24,0.45,,,,2.08,2.08,5,12,308,1846.4,8.7,2712.8,549.9,2162.9,1543.9,71.4,4840,1327,,,William Coulbourn,Robert Knapp,Ted Gustafson,William Mills,Peter Barker & Richard Carlson & David Johnson
GLOMAR CHALLENGER,73,South Atlantic Cenozoic and Mesozoic Paleoenvironment III,8-Apr-80,Santos,Brazil,1-Jun-80,Cape Town,South Africa,54.16,5.41,17.38,31.35,,26.1,1.5,,,,0.6,3.2,6,13,286,3652.7,8.9,2057.1,582.5,1474.6,1051.4,71.3,4805,3778.5,,,,Glen Foss,Michael Lehman,Amy Altman,Kenneth Hsu & John LaBrecque
GLOMAR CHALLENGER,74,South Atlantic Cenozoic and Mesozoic Paleoenvironment IV,1-Jun-80,Cape Town,South Africa,24-Jul-80,Walvis Bay,South Africa,53.1,5.1,16.3,31.67,,25.71,2.29,,,,2.42,1.25,5,11,356,3536.1,9,3138.7,565.9,2572.8,1829.5,71.1,4437,1065.5,,,Peter Borella,Michael Storms,Ted Gustafson,William Mills,Theodore Moore Jr. & Philip Rabinowitz
GLOMAR CHALLENGER,75,South Atlantic Cenozoic and Mesozoic Paleoenvironment V,24-Jul-80,Walvis Bay,South Africa,6-Sep-80,Recife,Brazil,43.9,2.9,14.9,26.1,,22,2.6,,,,0.2,1.3,3,8,342,3221.4,9.2,2170.3,239,1931.3,1444.62,74.8,4645,1339.5,,,Robert Boyce,Robert Knapp,Dennis Graham,David Allard,William Hay & Jean-Claude Sibuet
GLOMAR CHALLENGER,76,Western Atlantic Continental Margin Geochemistry,22-Sep-80,Norfolk,USA,21-Dec-80,Fort Lauderdale,USA,89.93,23.7,8.96,51.8,6.57,36.08,2.2,7.87,,,0.99,4.93,2,4,202,2310.3,8.54,2301,762,1531.5,984.54,63.2,4984.5,3193.8,,,Kenneth Pisciotto,Glen Foss/Robert Knapp,Ted Gustafson,Steve Asquith,Felix Gradstein & Robert Sheridan
GLOMAR CHALLENGER,77,Evolution of the Eestern North Atlantic Passive Margin,21-Dec-80,Fort Lauderdale,USA,30-Jan-81,San Juan,Puerto Rico,40.13,6.18,7.88,26.07,,23.55,0.3,,,,0.2,2.02,6,8,238,1514.9,8.48,2250.5,71.5,2179,1076.87,49.4,3455.5,2801,,,Kenneth Pisciotto,Robert Knapp,Michael Lehman,William Mills,Richard Buffler & Wolfgang Schlager
GLOMAR CHALLENGER,78A,Lesser Antilles Subduction Complex,30-Jan-81,San Juan,Puerto Rico,12-Mar-81,San Juan,Puerto Rico,40.35,11.33,5.38,23.64,,15.1,3,,,,1.4,4.1,3,6,118,1063.3,8.3,2127,1021,1106,841.4,76.1,5645,4961,,,James Natland,Glen Foss,Ted Gustafson,David Allard,Bernard Biju-Duval & J. Casey Moore
GLOMAR CHALLENGER,78B,Mid-Atlantic Ridge Downhole Measurements,12-Mar-81,San Juan,Puerto Rico,8-Apr-81,Las Palmas,Canary Islands,28,2,13,13,,,,,,,,,1,2,0,,,,,,,,4483,4483,,,not applicable,V. Barry Robson,Ted Gustafson,not applicable,Roy Hyndman & Matthew Salisbury
GLOMAR CHALLENGER,79,Mazagan Plateau Rifting and Subsidence History,8-Apr-81,Las Palmas,Canary Islands,30-May-81,Brest,France,51.5,8.7,8.6,34.2,,30.5,0.09,1.3,,,,2.3,4,9,247,1714.2,8.48,3027.8,873,2155.8,1089.13,50.5,4002,3160,,,Peter Baumgartner,Robert Knapp,Burnette Hamlin,Joe Le Claire,Karl Hinz & Edward Winterer
GLOMAR CHALLENGER,80,Goban Spur North Atlantic Ocean Rifting,30-May-81,Brest,France,22-Jul-81,Southampton,England,53.09,8.13,6.6,35.15,3.21,28.2,3.3,,,,0.7,3,4,8,306,1557,8.6,3513,1115.5,2397.5,1493,62.2,4432,1256,,,Paul Loubere,Glen Foss,Michael Lehman,William Mills,Pierre De Graciansky & C. Wylie Poag
GLOMAR CHALLENGER,81,Rockall Plateau Microcontinent,22-Jul-81,Southampton,England,16-Sep-81,Ponta Delgada,Azores,55.83,5.1,16.95,33.83,,23.68,2.69,0.83,,,3.38,3.25,4,8,247,3368.4,8.36,2517,410,2111.5,1181.2,55.9,2584,1669,,,John Keene,Michael Storms,Ted Gustafson,David Allard,David Roberts & D. Detmar Schnitker
GLOMAR CHALLENGER,82,Mid-Atlantic Ridge Igneous Rock Geochemistry,16-Sep-81,Ponta Delgada,Azores,14-Nov-81,Balboa,Panama,59.64,3.47,22.74,33.43,,25.7,4.6,,,,0.5,2.6,9,10,145,4262,8.5,4023,2777.5,1245.5,756.9,60.8,3830,2155,,,William Mills,Glen Foss,Burnette Hamlin,Leslie Reynolds,Henri Bougault & Steven Cande
GLOMAR CHALLENGER,83,Costa Rica Rift Geophysical Experiments,14-Nov-81,Balboa,Panama,5-Jan-82,Balboa,Panama,52,5,6,41,,24.2,7.16,3.84,,,0.57,5.23,1,1,71,1079.2,8.59,514,0,514,107.88,20.99,3473.5,3473.5,,,Keir Becker,H. Graham Norrie,Ted Gustafson,Steven Asquith,Roger Anderson & Jose Honnorez
GLOMAR CHALLENGER,84,Mid-America Trench Active Plate Margins,5-Jan-82,Balboa,Panama,3-Mar-82,Los Angeles,USA,57.12,5.91,17.68,33.53,,22.2,4.9,,,,1.6,4.8,6,11,206,3759.5,8.9,2708.4,801.4,1907,1043.6,54.7,5529,1718.2,,,Miriam Baltuck,Glen Foss/David Huey,Michael Lehman,Robert Hayman,Jean Aubouin & Roland von Huene
GLOMAR CHALLENGER,85,Central Equatorial Pacific Paleoenvironment,3-Mar-82,Los Angeles,USA,2-May-82,Honolulu,USA,59.6,7.1,23.8,28.7,,25.88,0.82,,,,,2.25,5,17,299,5020,8.9,3479.6,1128.7,2431,2350.9,88,4572.2,3903,,,Ellen Thomas,Stanley Serocki,Burnette Hamlin,David Allard,Larry Mayer & Fritz Theyer
GLOMAR CHALLENGER,86,Western Pacific Neogene Paleoenvironment,2-May-82,Honolulu,USA,20-Jun-82,Yokohama,Japan,48.3,3.4,23.7,21.2,,18.4,0.4,,,,1,1.4,6,11,126,4861.4,8.73,1417.8,307.9,1109.9,956.25,86.2,6220.3,2677.6,,,Audrey Wright,Michael Storms,Ted Gustafson,Amy Altman,Lloyd Burckle & G. Ross Heath
GLOMAR CHALLENGER,87,Nankai Trough Convergent Plate Margin,20-Jun-82,Yokohama,Japan,18-Aug-82,Hakodate,Japan,59.26,6.51,11.42,41.33,,31.94,4.3,,,,0.77,4.32,3,14,311,2301,8.5,5331.2,2561.4,2769.8,1158.4,41.8,4892,4124,,,William Coulbourn,Glen Foss,Dennis Graham,William Mills,Hideo Kagami & Daniel Karig
GLOMAR CHALLENGER,88,NW Pacific Borehole seismometer Deployment,18-Aug-82,Hakodate,Japan,19-Sep-82,Yokohama,Japan,32.4,2.2,12.38,17.82,,8.3,3.16,1.8,,,3.1,4,1,3,11,2023.7,8.5,1125,1041.3,83.7,33.52,40,5482,5478,,,J. Alan Ballard,V. Barry Robson,Burnette Hamlin,Trudy Wood,Frederick Duennebier & Ralph Stephen
GLOMAR CHALLENGER,89,West Central Pacific Oldest Sediments,19-Sep-82,Yokohama,Japan,29-Nov-82,Noumea,New Caledonia,70.7,21.2,19.2,30.3,,23.1,1,1.5,,,1.4,3.3,3,7,156,4459.5,9.7,3006.9,1591,1415.9,873.5,61.7,6122.3,2218,,,Miriam Baltuck,Glen Foss,Ted Gustafson,Paula Weiss,Ralph Moberly & Seymour Schlanger
GLOMAR CHALLENGER,90,Neogene Paleoceanography from Tropical to Subantarctic Water Masses,29-Nov-82,Noumea,New Caledonia,9-Jan-83,Wellington,New Zealand,40.71,3.07,10.97,26.68,,23.8,,,,,2.1,0.7,8,18,494,2773,9.7,5216.3,650.9,4565.4,3715.46,81,2142.2,1079.9,,,Russell Merrill,David Huey,Dennis Graham,Robert Hayman,James Kennett & Christopher von der Borch
GLOMAR CHALLENGER,91,DARPA Seismological Observatory Installation,9-Jan-83,Wellington,New Zealand,20-Feb-83,Papeete,Tahiti,43.17,6.94,10.91,25.32,,10.08,10.28,2.79,,,0.81,1.36,2,6,31,2521,9.7,425.2,188.6,236.6,110.5,57.6,5710.5,5613.5,,,James Natland,Glen Foss,Burnette Hamlin,William Mills,H. William Menard & James Natland
GLOMAR CHALLENGER,92,East Pacific Rise Fast-Spreading Hydrogeology,20-Feb-83,Papeete,Tahiti,27-Apr-83,Balboa,Panama,66.3,3.4,32,30.9,,16.7,8,1.5,,,0.1,4.6,6,19,55,6495.2,8.6,591.4,208.7,382.7,279.56,73,4157.1,3372.3,,,Keir Becker,Michael Storms,Ted Gustafson,Paula Weiss,David Rea & Margaret Leinen
GLOMAR CHALLENGER,93,North Atlantic Deep Continental Slope,27-Apr-83,Norfolk,USA,17-Jun-83,Norfolk,USA,50.72,5.66,3.67,41.33,,29.3,1,4.2,,,4.2,2.7,3,7,261,813.7,9.4,4261.3,1827,2434.3,1679,69,4649.5,2207,,,Dean Dunn,Glen Foss,Michael Lehman,Robert Hayman,Sherwood Wise & Jan Van Hinte
GLOMAR CHALLENGER,94,Neogene High-Latitude Climatic Change in the Northern Hemisphere,17-Jun-83,Norfolk,USA,17-Aug-83,St. John's,Canada,60.73,6.03,21.63,33.07,,30.64,,,,,0.11,2.32,6,22,433,4920.1,9.4,5505.2,1498.7,4006.5,3361.5,84,3883.6,2426.3,,,Ellen Thomas,Donald Cameron,Burnette Hamlin,Paula Weiss,Robert Kidd & William Ruddiman
GLOMAR CHALLENGER,95,New Jersey Transect,17-Aug-83,St. John's,Canada,26-Sep-83,Port Everglades,USA,39.9,3.6,11.6,24.8,,20.7,2,,,,0.5,1.7,3,5,125,2493.8,9.14,4732.6,3557.7,1174.9,965.88,82.2,4652,1414.3,,,Paul Schiffelbein,David Huey,Ted Gustafson,Robert Hayman,C. Wylie Poag & A. B. Watts
GLOMAR CHALLENGER,96,Mississippi Fan Sediments and Biostratigraphy,26-Sep-83,Port Everglades,USA,8-Nov-83,Mobile,USA,43.13,3.47,7.3,32.36,,25.05,2.85,,,,0.85,3.61,11,20,385,1546.8,8.8,3706.6,1120.4,2586.2,1665.3,64.4,3314.1,2272.7,,,Audrey Meyer,Glen Foss,Dennis Graham,William Mills,Arnold Bouma & James Coleman
JOIDES Resolution,100,Shakedown - Northeastern Gulf of Mexico,11-Jan-85,Pasgagoula,USA,29-Jan-85,Miami,USA,17.9,0,6.2,11.7,,0,,,,,,,1,3,37,831,,514.6,237.1,277.5,264.4,95.3,889,,,,Robert Kidd,,,,Louis Garrison & Philip Rabinowitz
JOIDES Resolution,101,The Bahamas Carbonate Platform,29-Jan-85,Miami,USA,14-Mar-85,Miami,USA,43.8,2.2,5.3,36.3,,28,2.2,,,,0,6.1,11,19,319,853,11,3568.6,640.7,2927.9,1438.9,49.1,3581,,,,Amanda Palmer,Lamar Hayes,Dennis Graham/Ted Gustafson,Robert Hayman,James Austin & Wolfgang Schlager
JOIDES Resolution,102,The Bermuda Rise,14-Mar-85,Miami,USA,25-Apr-85,Ponta Delgada,Azores,42.1,9.1,13.7,19.3,,0,,,,,,,1,0,0,3948,,0,0,0,,,5505,,,,Christian Auroux,Glen Foss,Burnette Hamlin,,Matthew Salisbury & James Scott
JOIDES Resolution,103,The Galicia Margin,25-Apr-85,Ponta Delgada,Azores,19-Jun-85,Bremerhaven,Germany,55.2,0.4,8,46.8,,35.79,3.92,,,,0,7.09,5,14,157,1741,11.3,2996.5,1492,1504.5,616,40.9,5321,,,,Audrey Meyer,Lamar Hayes,Dennis Graham,Paula Weiss,Gilbert Boillot & Edward Winterer
JOIDES Resolution,104,The Norwegian Sea,19-Jun-85,Bremerhaven,Germany,23-Aug-85,St. John's,Canada,65.06,8.39,13.88,42.79,,32.26,2.61,,,,0,8.1,3,8,291,3688,11,2936.5,513.7,2422.8,1707.2,70.5,2780,,,,Elliott Taylor,Glen Foss,Burnette Hamlin,Gerald Bode,Olav Eldholm & Jorn Thiede
JOIDES Resolution,105,Baffin Bay and The Labrador Sea,23-Aug-85,St. John's,Canada,27-Oct-85,St. John's,Canada,64.6,5.5,13.6,45.5,,37.51,2.4,,,,0.13,5.46,3,11,316,2746,10.5,3689.5,723.1,2966.4,1884.8,63.5,3871,,,,Bradford Clement,Lamar Hayes,Ted Gustafson,Steven Prinz,Michael Arthur & Surat Srivastava
JOIDES Resolution,106,The Mid-Atlantic Ridge,27-Oct-85,St. John's,Canada,26-Dec-85,Malaga,Spain,60.51,6.13,13.09,41.29,,22.65,0,,,,4.24,14.32,2,12,17,3865,12.4,101.7,0,109.2,13.6,12.5,3530,,,,Andrew Adamson,Stanley Serocki,Burnette Hamlin,James Butler,Robert Detrick Jr. & Jose Honnorez
JOIDES Resolution,107,The Tyrrhenian Sea,26-Dec-85,Malaga,Spain,18-Feb-86,Marseille,France,53.49,4.01,6.28,43.2,,35.89,3.39,,,,0,3.92,7,11,353,1503,11.8,3631.8,342.6,3289.2,1843.9,56.1,3597,,,,Christian Auroux,David Huey,Ted Gustafson,Robert Hayman,Kim Kastens & Jean Mascle
JOIDES Resolution,108,The Eastern Tropical Atlantic,18-Feb-86,Marseille,France,17-Apr-86,Dakar,Senegal,58,3.47,18.8,35.73,,31.86,2,,,,0,1.87,12,27,461,5607,12.7,4457.4,213.6,4243.8,3842.5,90.5,4746,,,,Jack Baldauf,Lamar Hayes,Burnette Hamlin,Christine Mato,William Ruddiman & Michael Sarnthein
JOIDES Resolution,109,The Mid-Atlantic Ridge,17-Apr-86,Dakar,Senegal,19-Jun-86,Bridgetown,Barbados,63.81,6.47,9.54,47.8,,22.38,6.14,,,,0,19.27,4,5,25,2732,11.7,231,44.9,186.1,22.3,12,4490.2,,,,Andrew Adamson,Steven Howard,Ted Gustafson,Diana Stockdale,Wilfred Bryan & Thierry Juteau
JOIDES Resolution,110,The Northern Barbados Ridge,19-Jun-86,Bridgetown,Barbados,16-Aug-86,Bridgetown,Barbados,57.3,6.6,2.6,48.1,,39.6,4.3,,,,0,4.2,6,10,259,401,5.6,3683.6,1269.1,2414.5,1899.2,78.7,5070,,,,Elliott Taylor,Lamar Hayes,Burnette Hamlin,Steven Prinz,Alain Mascle & Casey Moore
JOIDES Resolution,111,Costa Rica Rift,16-Aug-86,Bridgetown,Barbados,20-Oct-86,Callao,Peru,65.1,6.3,10.6,48.2,,21,8.9,,,,0,18.23,3,5,79,2705,11,784.2,143.3,640.9,428.1,66.8,3474,,,,Russell Merrill,Glen Foss/Charles Hanson,Ted Gustafson,Anne Graham,Keir Becker & Hitoshi Sakai
JOIDES Resolution,112,Peru Continental Margin,20-Oct-86,Callao,Peru,25-Dec-86,Valparaiso,Chile,66,11.6,9.6,44.8,,39.2,1.9,,,,0,3.7,10,27,514,2243,9.4,6763.1,2043.3,4719.8,2664.1,56.4,5093,,,,Kay Emeis,Lamar Hayes,Burnette Hamlin,Paula Weiss,Erwin Suess & Roland von Huene
JOIDES Resolution,113,Weddel Sea,25-Dec-86,Valparaiso,Chile,11-Mar-87,East Cove,Falkland Islands/Islas Malvinas,74.92,5.13,25.92,43.87,,37.14,1.11,,,,2.57,5.61,9,22,386,6432,10.2,4044.2,639.4,3404.8,1943.6,57.1,4667,,,,Suzanne O'Connell,Charles Hanson,William Mills,Gerald Bode,Peter Barker & James Kennett
JOIDES Resolution,114,Subantarctic South Atlantic,11-Mar-87,East Cove,Falkland Islands/Islas Malvinas,13-May-87,Port Louis,Mauritius,64,4.12,20.82,39.06,,29.77,3.52,,,,1.48,4.29,7,12,392,5916,11.7,3672.1,87,3585.1,2300.1,64.2,4647,,,,Bradford Clement,Michael Storms,Ted Gustafson,Dan Quoidbach,Paul Ciesielski & Yngve Kristoffersen
JOIDES Resolution,115,Mascarene Plateau,13-May-87,Port Louis,Mauritius,2-Jul-87,Colombo,Sri Lanka,49.6,6.6,12.8,30.2,,26.67,1.8,,,,0,1.8,12,22,426,3208,10.4,4182.9,228.5,3954.4,3078.6,77.9,4440,,,,Larry Peterson,Lamar Hayes,Burnette Hamlin,Robert Wilcox,Jan Backman & Robert Duncan
JOIDES Resolution,116,Distal Bengal Fan,2-Jul-87,Colombo,Sri Lanka,19-Aug-87,Colombo,Sri Lanka,48.1,5.44,3.61,39.05,,28.37,5.54,,,,0,5.14,3,10,248,1052,11.3,3782.6,1492.5,2290.1,991.6,43.3,4747,,,,Christian Auroux,Charles Hanson,William Mills,Gain Clement,James Cochran & Dorrik Stow
JOIDES Resolution,117,Oman Margin,19-Aug-87,Colombo,Sri Lanka,18-Oct-87,Port Louis,Mauritius,59.08,4.53,19,35.55,,29.17,5.53,,,,0,0.84,12,25,628,4409,9,7125.5,1277.7,5847.8,4368.4,74.7,4045,,,,Kay Emeis,Lamar Hayes,Bradley Julson,Robert Wilcox,Nobuaki Niitsuma & Warren Prell
JOIDES Resolution,118,Southwest Indian Ridge,18-Oct-87,Port Louis,Mauritius,14-Dec-87,Port Louis,Mauritius,56.97,4.21,7.17,45.59,,29.7,5.84,,,,0,10.05,4,20,117,1752,10.5,770.8,0,776.6,447.2,57.6,5219,,,,Andrew Adamson,Charles Hanson,Burnette Hamlin,Daniel Quoidbach,Paul Robinson & Richard von Herzen
JOIDES Resolution,119,Kerguelen Plateau and Prydz Bay,14-Dec-87,Port Louis,Mauritius,21-Feb-88,Fremantle,Australia,68.9,4.5,27.4,37,,28.94,3.21,,,,1.03,3.86,11,22,427,6861,10.2,4446.1,796.3,3649.8,2102.3,57.6,4093,,,,Jack Baldauf,Glen Foss,William Mills,Robert Wilcox,John Barron & Birger Larsen
JOIDES Resolution,120,Kerguelen Plateau and Prydz Bay,21-Feb-88,Fremantle,Australia,30-Apr-88,Fremantle,Australia,69.09,5.97,35.13,27.99,,21.17,1.98,,,,1.8,3.03,5,12,255,9206,5,3555.1,1406.5,2148.6,1081.8,50.3,2041,,,,Amanda Julson,Glen Foss/Lamar Hayes,Bradley Julson,Paula Weiss,Roland Schlich & Sherwood Wise
JOIDES Resolution,121,Broken Ridge and Ninetyeast Ridge,30-Apr-88,Fremantle,Australia,28-Jun-88,Singapore,Singapore,58.7,5.2,19.3,34.2,,27.2,4.2,,,,0,2.8,7,17,310,5100,11.3,3732.5,1001.2,2731.3,1825.4,66.8,2937,,,,Elliott Taylor,David Huey,Burnette Hamlin,Robert Wilcox,John Peirce & Jeffrey Weissel
JOIDES Resolution,122,Exmouth Plateau,28-Jun-88,Singapore,Singapore,28-Aug-88,Singapore,Singapore,60.98,4.39,13.19,43.4,,30.62,8.93,,,,0,3.85,6,15,445,3756,11.9,5233.2,28,5205.2,2445.7,47,2710,,,,Suzanne O'Connell,Charles Hanson,Bradley Julson,Steven Prinz,Bilal Haq & Ulrich von Rad
JOIDES Resolution,123,Argo Abyssal Plain,28-Aug-88,Singapore,Singapore,1-Nov-88,Singapore,Singapore,65,4.34,13.24,47.42,,32.74,9.66,,,,0,5.02,2,5,189,1485,11.5,3091.2,1298.1,1793.1,1080.2,60.2,5732,,,,Andrew Adamson,Patrick Thompson,Randy Current,Daniel Quoidbach,Felix Gradstein & John Ludden
JOIDES Resolution,124,Celebes and Sulu Seas,1-Nov-88,Singapore,Singapore,4-Jan-89,Manila,Phillipines,63.8,4.1,12.5,47.2,,30.37,9.63,,,,0,7.25,5,13,336,3060,9.8,5228.1,2115.9,3112.2,2122.5,68.2,4916,,,,Marta Von Breymann,Glen Foss,Burnette Hamlin,John Miller,Claude Rangin & Eli Silver
JOIDES Resolution,124E,Philippine Sea - Engineering Tests,4-Jan-89,Manila,Phillipines,16-Feb-89,Apra Harbor,Guam,42.92,4.92,13.58,24.42,,13.85,0.57,,,,0,10,6,15,41,2950,9.8,1723.8,1444.1,279.7,147.1,52.6,5817,,,,William Rose,Barry Harding,Dennis Graham,Paula Weiss,not applicable
JOIDES Resolution,125,Izu-Bonin-Mariana Region I,16-Feb-89,Apra Harbor,Guam,18-Apr-89,Tokyo,Japan,61.1,4.3,8.2,48.6,,38.2,6.2,,,,0,4.2,9,15,323,1640,8.4,3540.4,622.8,2917.6,1022.5,35,4912,,,,Laura Stokking,Thomas Pettigrew,William Mills,Margaret Myre,Patricia Fryer & Julian Pearce
JOIDES Resolution,126,Izu-Bonin-Mariana Region II,18-Apr-89,Tokyo,Japan,19-Jun-89,Tokyo,Japan,61.97,4.38,4.28,53.31,,37.4,6,,,,0,7.14,7,19,500,1919,8.5,6492.5,1790.5,4702,2121.6,45.1,3265,,,,Thomas Janecek,Ronald Grout/David Huey,Bradley Julson,Scott Chaffey,Kantaro Fujioka & Brian Taylor
JOIDES Resolution,127,Japan Sea I,19-Jun-89,Tokyo,Japan,21-Aug-89,Pusan,South Korea,63,4.4,9.3,49.3,,32,8.6,,,,0,8.7,4,10,317,779,8.5,4798.6,1884.3,2914.3,1658.1,56.9,3311,,,,James Allan,Glen Foss,Burnette Hamlin,Margaret Myre,Kenneth Pisciotto & Kensaku Tamaki
JOIDES Resolution,128,Japan Sea II,21-Aug-89,Pusan,South Korea,20-Nov-89,Apra Harbor,Guam,56.08,5.12,8.05,42.91,,22.34,10.05,,,,0,10.52,3,9,226,1480,10,3720,1654,2066,1574.1,76.2,2818,,,,Marta Von Breymann,Eugene Pollard,William Mills,Scott Chaffey,James Ingle Jr. & Kiyoshi Suyehiro
JOIDES Resolution,129,Old Pacific Crust/Pigafetta and Mariana Basins,20-Nov-89,Apra Harbor,Guam,19-Jan-90,Apra Harbor,Guam,59.4,2,11.1,46.3,,33,4.6,,,,0,8.61,3,5,199,2675,10.4,2403.7,695.7,1708,467,27.3,5980,,,,Andrew Fisher,Glen Foss,Bradley Julson,John Miller,Yves Lancelot & Roger Larson
JOIDES Resolution,130,Ontong Java Plateau,19-Jan-90,Apra Harbor,Guam,27-Mar-90,Apra Harbor,Guam,66.9,4.2,11.5,51.2,,40.8,5.6,,,,0,4.9,5,16,639,2405,8.7,6877.1,987.8,5889.3,4821.6,81.9,3861.7,,,,Thomas Janecek,Eugene Pollard,Burnette Hamlin,Margaret Myre,Wolfgang Berger & Loren Kroenke
JOIDES Resolution,131,Nankai Trough,27-Mar-90,Apra Harbor,Guam,1-Jun-90,Pusan,South Korea,67.03,3.85,6.83,56.35,,26.78,14.56,,,,0.77,14.24,1,7,165,1750,11.2,4130.2,2666.9,1463.3,732.1,50,4687,,,,John Firth,Glen Foss/Thomas Pettigrew,William Mills,Gretchen Hampt,Ian Hill & Asahiko Taira
JOIDES Resolution,132,Western and Central Pacific,1-Jun-90,Pusan,South Korea,4-Aug-90,Apra Harbor,Guam,63.5,6.1,12.4,45,,14.3,1.4,,,,0,29.3,3,11,52,3252,10.9,316.6,79.6,237,164.7,69.5,4696,,,,Frank Rack,Michael Storms,Bradley Julson,Steven Prinz,James Natland
JOIDES Resolution,133,Northeast Australian Margin,4-Aug-90,Apra Harbor,Guam,11-Oct-90,Townsville,Australia,67.5,4.8,11.8,50.9,,36,10.7,,,,0,4.2,16,36,885,3242,10.8,10890.1,2925.3,7964.8,5507.6,69.1,1650,,,,Amanda Julson,Eugene Pollard,Burnette Hamlin,Gretchen Hampt,Peter Davies & Judith Mckenzie
JOIDES Resolution,134,"Vanuatu, New Hebrides",11-Oct-90,Townsville,Australia,17-Dec-90,Suva,Fiji,67,4.4,9.9,52.7,,39.46,8.92,,,,0,4.33,7,16,541,2133,10.8,5640.5,809.2,4831.3,2044.5,42.3,3101,,,,Laura Stokking,Glen Foss,William Mills,Robert Kemp,Jean-Yves Collot & Gary Greene
JOIDES Resolution,135,Lau Basin,17-Dec-90,Suva,Fiji,28-Feb-91,Honolulu,USA,73,3.7,18.1,51.2,,40.1,7.1,,,,0,4,8,18,409,4065.2,9.4,5012.9,581.4,4431.5,1253.9,28.3,4821,,,,James Allan,Eugene Pollard,Bradley Julson,Gretchen Hampt,James Hawkins & Lindsay Parson
JOIDES Resolution,136,Hawaiian Arch - Ocean Seismograph Network,28-Feb-91,Honolulu,USA,20-Mar-91,Honolulu,USA,20.05,2.48,1.23,16.34,,10.87,1.95,,,,0,3.52,2,6,20,257,10.1,975.1,845.7,129.4,63.5,49.1,4441,,,,John Firth,Barry Harding,Burnette Hamlin,Robert Kemp,Adam Dziewonski & Roy Wilkens
JOIDES Resolution,137,Hole 504B - Costa Rica Rift,20-Mar-91,Honolulu,USA,1-May-91,Balboa,Panama,41.7,0.3,19.9,21.5,,8.17,3.36,,,,0,9.97,1,1,8,5072,10.6,1621.5,1561.3,60.2,13.5,1,3474,,,,Anne Graham,Glen Foss,William Mills,Robert Kemp,Keir Becker & Glen Foss
JOIDES Resolution,138,Eastern Equatorial Pacific,1-May-91,Balboa,Panama,4-Jul-91,San Diego,USA,64.4,4.1,22.1,38.2,,30.7,6.3,,,,0,1.1,11,42,599,5421,10.4,5610.2,67.6,5542.6,5535.8,99.9,3861,,,,Thomas Janecek,Ronald Grout,Burnette Hamlin,John Miller,Larry Mayer & Nick Pisias
JOIDES Resolution,139,Middle Valley - Juan de Fuca Ridge,4-Jul-91,San Diego,USA,11-Sep-91,Victoria,Canada,68.7,6.1,5.6,57,,34.03,13.83,,,,0.04,9.06,4,23,331,1453,10.1,3725,1068.6,2656.4,933.4,35.1,2457,,,,Andrew Fisher,Glen Foss,Bradley Julson,Robert Kemp,Earl Davis & Mike Mottl
JOIDES Resolution,140,Hole 504B - Costa Rica Rift,11-Sep-91,Victoria,Canada,12-Nov-91,Balboa,Panama,62.1,4.6,17.1,40.4,,26.8,3.7,,,,0,9.9,1,1,57,4592,10.9,2000.4,1621.8,378.6,53.3,1.7,3474,,,,Laura Stokking,Eugene Pollard,Dennis Graham,Erinn McCarty,Henry Dick & Jorg Erzinger
JOIDES Resolution,141,Chile Triple Junction,12-Nov-91,Balboa,Panama,12-Jan-92,Valparaiso,Chile,61.3,3.5,20,37.8,,28.7,7.4,,,,0,1.6,5,13,284,5212.5,11.1,3325.6,809.7,2515.9,1018.9,40.5,2760,,,,Robert Musgrave,David Huey,William Mills,Lorraine Southey,Jan Behrmann & Stephen Lewis
JOIDES Resolution,142,Engineering Tests: East Pacific Rise,12-Jan-92,Valparaiso,Chile,18-Mar-92,Honolulu,USA,66,6.1,23.4,36.5,,0,0,,,,0,36.5,1,3,5,6361,11.4,24.8,9.3,15.5,9.5,61.3,2583,,,,James Allan,Michael Storms,Burnette Hamlin,Erinn McCarty,Rodey Batiza
JOIDES Resolution,143,Northwest Pacific Atolls and Guyots I,18-Mar-92,Honolulu,USA,20-May-92,Majuro Atoll,Marshall Islands,61,4.21,13.06,43.73,,35.03,6.28,,,,0,2.43,6,12,441,3371,10.5,4135,140,3995,1065.2,26.7,4838,,,,John Firth,Eugene Pollard,Bradley Julson,Lorraine Southey,William Sager & Edward Winterer
JOIDES Resolution,144,Northwest Pacific Atolls and Guyots II,20-May-92,Majuro Atoll,Marshall Islands,20-Jul-92,Yokohama,Japan,61.8,4,12.2,45.6,,34.61,7.23,,,,0,3.76,11,21,358,3145,10.6,3486,284.7,3201.3,1088.2,27.3,1537,,,,Frank Rack,Glen Foss,William Mills,Erinn McCarty,Janet Haggerty & Isabella Premoli-Silva
JOIDES Resolution,145,The North Pacific Transect,20-Jul-92,Yokohama,Japan,20-Sep-92,Victoria,Canada,62.3,4.1,17.3,40.9,,34.8,5.2,,,,0,0.9,7,25,540,4823,11.4,7730.3,2709.7,5020.6,4321.4,86.1,5726,,,,Thomas Janecek,Ronald Grout,Randy Current,Lorraine Southey,Ivan Basov & David Rea
JOIDES Resolution,146,The Cascadia Margin,20-Sep-92,Victoria,Canada,22-Nov-92,San Diego,USA,62.88,4.94,6.12,51.82,,28.13,11.44,,,,0.29,11.96,7,20,272,1453,10.7,4492.4,2229.5,2262.9,1196.9,52.9,2675,,,,Robert Musgrave,Glen Foss,Bradley Julson,Erinn McCarty,Bobb Carson & Graham Westbrook
JOIDES Resolution,147,The Hess Deep Rift Valley,22-Nov-92,San Diego,USA,21-Jan-93,Balboa,Panama,59.5,3,12.8,43.7,,24.8,1.5,,,,0,17.4,2,13,57,3487,11,545.3,27,518.3,120.7,23.3,3832,,,,James Allan,Eugene Pollard,Burnette Hamlin,Lorraine Southey,Kathryn Gillis & Catherine Mevel
JOIDES Resolution,148,Hole 504B - Costa Rica Rift,21-Jan-93,Balboa,Panama,10-Mar-93,Balboa,Panama,48.07,4.6,4.34,39.13,,18.46,7.8,,,,0,12.85,2,2,45,529,9.8,2103.5,1726.5,377,83.7,1.3,3474,,,,Laura Stokking,Barry Harding,William Mills,Erinn McCarty,Jeffery Alt & Hajimu Kinoshita
JOIDES Resolution,149,Iberian Abyssal Plain,10-Mar-93,Balboa,Panama,25-May-93,Lisbon,Portugal,75.8,4.6,20,51.2,,40.6,5,,,,0,5.7,5,10,288,4834,10.5,3897,1211.4,2685.6,1532.1,57,5389,,,,Adam Klaus,Eugene Pollard,Bradley Julson,Erinn McCarty/Lorraine Southey,Dale Sawyer & Robert Whitmarsh
JOIDES Resolution,150,The New Jersey Sealevel,25-May-93,Lisbon,Portugal,24-Jul-93,St. Johns,Canada,60.7,3,19.2,38.5,,24.11,9.54,,,,0,5.82,5,11,515,4291,9.2,6044.8,1442.9,4601.9,4031.5,87.6,2709,,,,Peter Blum,Glen Foss,Burnette Hamlin,Lorraine Southey,Kenneth Miller & Gregory Mountain
JOIDES Resolution,151,North Atlantic Arctic Gateways I,24-Jul-93,St. Johns,Canada,24-Sep-93,Reykjavik,Iceland,61.1,4.7,18,38.4,,31.6,6.2,,,,0.3,0.4,7,18,475,4307,10.4,4673.8,457.5,4216.3,3004.5,71.3,3330,,,,John Firth,Eugene Pollard,William Mills,Erinn McCarty,Annik Myhre & Jorn Thiede
JOIDES Resolution,152,East Greenland Margin,24-Sep-93,Reykjavik,Iceland,22-Nov-93,St. Johns,Canada,59.2,4.2,9.1,45.9,,38.3,1,,,,3.2,3.4,6,13,346,1644,7.6,3678.2,772.3,2905.9,1255.1,43.2,2097.3,,,,Peter Clift,Ronald Grout,Bradley Julson,Lorraine Southey,Hans Christian Larsen & Andrew Saunders
JOIDES Resolution,153,Mid-Atlantic Ridge/Kane Fracture Zone,22-Nov-93,St. Johns,Canada,24-Jan-94,Bridgetown,Barbados,63,5.3,9.9,47.8,,37.2,,,,,0,10.6,5,15,100,2543,10.8,814.3,86.3,728,254.7,35,3343,,,,Jay Miller,Thomas Pettigrew,Burnette Hamlin,Erinn McCarty,Mathilde Cannat & Jeffrey Karson
JOIDES Resolution,154,Ceara Rise,24-Jan-94,Bridgetown,Barbados,25-Mar-94,Bridgetown,Barbados,59.94,4.5,12,43.44,,34.68,6.95,,,,0,1.81,5,19,653,2988,10.6,6924,762.9,6161.1,5808.2,94.3,4369,,,,Carl Richter,Thomas Pettigrew,Burnette Hamlin,Erinn McCarty,William Curry & Nicholas Shackleton
JOIDES Resolution,155,Amazon Deep-Sea Fan,25-Mar-94,Bridgetown,Barbados,24-May-94,Bridgetown,Barbados,60.03,3.23,8.9,47.9,,36.41,8.2,,,,0,3.29,17,36,558,2265,9.5,5232.9,116.4,5116.5,4052.8,79.2,4148,,,,Adam Klaus,Eugene Pollard,Bradley Julson,Erinn McCarty,Roger Flood & David Piper
JOIDES Resolution,156,Barbados Ridge Accretionary Prism,24-May-94,Bridgetown,Barbados,24-Jul-94,Bridgetown,Barbados,61.18,3.9,2.7,54.58,,27.54,12.22,,,,0,14.82,3,8,54,652,10.6,3232.4,2763.8,468.6,267.1,57,5013,,,,Peter Blum,Glen Foss,Burnette Hamlin,Lorraine Southey,Yujiro Ogawa & Thomas Shipley
JOIDES Resolution,157,VICAP (Volcanic Island Clastic Apron Project) & MAP (Madeira Abyssal Plain),24-Jul-94,Bridgetown,Barbados,23-Sep-94,Las Palmas,Canary Islands,60.61,3.33,12.22,45.06,,36.02,5.81,,,,0,3.23,7,12,438,3102,10.4,4958.7,867.4,4091.3,3089.5,75.5,5449,,,,John Firth,Ronald Grout,William Mills,Erinn McCarty,Hans-Ulrich Schmincke & Philip Weaver
JOIDES Resolution,158,TAG (Trans-Atlantic Geotraverse) Hydrothermal Mound,23-Sep-94,Las Palmas,Canary Islands,22-Nov-94,Las Palmas,Canary Islands,60.4,6.1,11.67,42.63,,24.35,0.23,,,,0,18.05,1,17,88,3228,10.9,635.3,104.4,530.9,55.3,10.4,3657,,,,Jay Miller,Eugene Pollard,Bradley Julson,Lorraine Southey,Peter Herzig & Susan Humphris
JOIDES Resolution,159,Cote d'Ivoire-Ghana Transform Margin,3-Jan-95,Dakar,Senegal,2-Mar-95,Marseille,France,57.96,1.31,12.73,43.92,,36.91,3.98,,,,0,3.02,4,13,366,3521.5,11.9,4239.3,919.2,3320.1,2018.4,60.8,4645,,,,Peter Clift,Michael Storms,Burnette Hamlin,Lorraine Southey,G. Pat Lohmann & Jean Mascle
JOIDES Resolution,160,Mediterranean Sea I,7-Mar-95,Marseille,France,3-May-95,Napoli,Italy,56.32,4.66,11.28,40.38,,34.93,5.2,,,,0,0.25,11,48,544,4048,11.6,5094.5,294,4800.5,3363.3,70.1,3931,,,,Carl Richter,Eugene Pollard,William Mills,Erinn McCarty,Alastair Robertson & Kay-Christian Emeis
JOIDES Resolution,161,Mediterranean Sea II,3-May-95,Napoli,Italy,2-Jul-95,Leith,Scotland,61.35,3.5,13.8,44.05,,34.8,6.7,,,,0,2.6,6,16,505,3060,10.2,5333.9,742.6,4591.3,3874.5,84.4,3470,,,,Adam Klaus,Leon Holloway,Burnette Hamlin,Lorraine Southey,Maria Comas & Rainer Zahn
JOIDES Resolution,162,North Atlantic Arctic Gateways II,7-Jul-95,Leith,Scotland,3-Sep-95,Reykjavik,Iceland,62.58,5.14,13.58,43.86,,36.77,3.67,,,,0,3.43,9,30,828,1750,11.2,8637.3,928.9,7708.4,6730.7,87.3,2879,,,,Peter Blum,Michael Storms,Bradley Julson,Erinn McCarty,Eystein Jansen & Maureen Raymo
JOIDES Resolution,163,Southeast Greenland Margin,3-Sep-95,Reykjavik,Iceland,7-Oct-95,Halifax,Canada,33.91,7.1,10.13,16.68,,12.34,0,,,,3.25,1.09,3,4,46,2787,9.9,480.3,166,314.3,204.6,65.1,541.5,,,,James Allan,Ronald Grout,William Mills,Lorraine Southey,Robert Duncan & Hans-Christian Larsen
JOIDES Resolution,164,Gas Hydrate Sampling Blake Ridge & Carolina Rise,31-Oct-95,Halifax,Canada,19-Dec-95,Miami,USA,72.13,24.27,6.85,41.01,,26.77,14.24,,,,0,0.74,7,17,344,1645,10.8,3900.2,1115.1,2785.1,1981.8,71.2,2799.1,,,,Paul Wallace,Eugene Pollard,Bradley Julson,Erinn McCarty,Ryo Matsumoto & Charles Paull
JOIDES Resolution,165,Caribbean Ocean History and the Cretaceous/Tertiary Boundary Event,21-Dec-95,Miami,USA,17-Feb-96,San Juan,Puerto Rico,60.3,2.9,12.7,44.7,,36.6,4.5,,,,0,3.5,5,13,453,3084,,5951.7,1773.3,4178.4,3358.6,80.4,3260,,,,Gary Acton,Michael Storms,Burnette Hamlin,Lorraine Southey,Mark Leckie & Haraldur Sigurdsson
JOIDES Resolution,166,The Bahamas Transect,20-Feb-96,San Juan,Puerto Rico,10-Apr-96,Balboa,Panama,52.72,4.63,6.8,41.29,,32.32,6.83,,,,0,0.2,7,17,572,2045,11.9,7452.4,2197.5,5254.9,2938.7,55.9,658.4,,,,Mitchell Malone,Eugene Pollard,William Mills,Erinn McCarty,Gregor Eberli & Peter Swart
JOIDES Resolution,167,California Margin,20-Apr-96,Acapulco,Mexico,16-Jun-96,San Francisco,USA,58,1.6,12.85,43.55,,38.34,4.27,,,,0,0.94,13,52,840,3102,10.3,7711.4,1.9,7709.5,7501.6,97.3,4215,,,,Carl Richter,Scott McGrath,Bradley Julson,Nancy Smith,Itaru Koizumi & Mitchell Lyle
JOIDES Resolution,168,Hydrothermal Circulation in the Oceanic Crust: Eastern Flank of the Juan de Fuca Ridge,16-Jun-96,San Francisco,USA,15-Aug-96,Victoria,Canada,60.46,4.04,4.96,51.46,,35.05,6.3,,,,0,10.11,10,19,230,,,3460.3,1408.7,2051.6,1551.7,75.6,2659,,,,John Firth,Michael Storms,Burnette Hamlin,Erinn McCarty,Earl Davis & Andrew Fisher
JOIDES Resolution,169S,Saanich Inlet,15-Aug-96,Victoria,Canada,20-Aug-96,Victoria,Canada,5.84,3.47,0.45,1.92,,1.62,0,,,,0,0.28,2,9,72,87,,677.8,0,677.8,686.1,101.2,228.7,,,,John Firth,Eugene Pollard,William Mills,Lorraine Southey,Brian Bornhold
JOIDES Resolution,169,Sedimented Ridges II,21-Aug-96,Victoria,Canada,16-Oct-96,San Diego,USA,52.28,1.22,5.76,45.3,,34.57,4.54,,,,0,4.26,7,25,363,3473,10,4380.9,814.4,3566.5,1205.1,33.8,3302,,,,Jay Miller,Eugene Pollard,William Mills,Chris Mato,Yves Fouquet & Robert Zierenberg
JOIDES Resolution,170,Costa Rica Accretionary Wedge,16-Oct-96,San Diego,USA,17-Dec-96,Balboa,Panama,60.4,5.9,11.6,42.9,,38,2.4,,,,0,3.1,5,17,223,2991,,5456.2,3404.6,2051.6,1463.7,71.3,4353.5,,,,Peter Blum,Michael Storms,Bradley Julson,Erinn McCarty,Gaku Kimura & Eli Silver
JOIDES Resolution,171A,Northern Barbados Accretionary Prism,17-Dec-96,Balboa,Panama,8-Jan-97,Bridgetown,Barbados,21.875,3.75,6.875,11.25,,10.81,0,,,,0,0.86,5,5,0,1533,9.7,2973,2973,0,0,0,5056,,,,Adam Klaus,Scott McGrath,Burnette Hamlin,Lorraine Southey,Casey Moore
JOIDES Resolution,171B,Blake Nose Paleoceanographic Transect,8-Jan-97,Bridgetown,Barbados,14-Feb-97,Charleston,USA,36.82,0.36,6.05,30.41,,26.24,3.71,,,,0,0.46,5,16,427,1533,9.7,4355.3,561.2,3794.1,3227.4,85.1,2682,,,,Adam Klaus,Scott McGrath,Burnette Hamlin,Lorraine Southey,Dick Kroon & Richard Norris
JOIDES Resolution,172,Northwest Atlantic Sediment Drifts,14-Feb-97,Charleston,USA,15-Apr-97,Lisbon,Portugal,57.21,4.49,15.9,36.82,,32.79,1.95,,,,0.75,2.48,11,42,623,4405,,5698.4,9.6,5688.8,5765.4,101.3,5568.3,,,,Gary Acton,Ronald Grout,William Mills,Erinn McCarty,Lloyd Keigwin & Domenico Rio
JOIDES Resolution,173,Return to Iberia,15-Apr-97,Lisbon,Portugal,15-Jun-97,Halifax,Canada,60.4,6.2,10.2,44,,38.8,2.5,,,,0,2.8,6,6,126,2465,,4181.9,2993.7,1188.2,452.5,38.1,5321.8,,,,Paul Wallace,Michael Storms,Dennis Graham,Lorraine Southey,Marie-Odile Beslier & Robert Whitmarsh
JOIDES Resolution,174A,New Jersey Mid-Atlantic Sea-Level Transect,15-Jun-97,Halifax,Canada,19-Jul-97,New York,USA,34.37,5.74,2,26.63,,12.67,6.28,,,,0,7.69,,12,202,720,10.8,3240.4,1498.4,1742,1033.6,59.3,639.4,,,,Mitchell Malone,Eugene Pollard,Burnette Hamlin,Erinn McCarty,James Austin & Nicolas Christie-Blick
JOIDES Resolution,174B,CORK Hole 395A,19-Jul-97,New York,USA,9-Aug-97,Las Palmas,Canary Islands,21.04,2.33,13.42,5.29,,1.44,1.66,,,,0,2.19,2,2,8,3496,11.2,69.5,0,69.5,66.3,95.4,4445.4,,,,Mitchell Malone,Eugene Pollard,Burnette Hamlin,unknown,Keir Becker
JOIDES Resolution,175,Benguela Current,9-Aug-97,Las Palmas,Canary Islands,8-Oct-97,Cape Town,South Africa,59.75,3.61,20.26,35.88,,31.11,4,,,,0,0.52,13,40,894,5160,10.9,8283,72.5,8210.5,8003.4,97.5,2995.7,,,,Carl Richter,Ronald Grout,William Mills,Erinn McCarty,Wolfgang Berger & Gerold Wefer
JOIDES Resolution,176,Hole 735B,8-Oct-97,Cape Town,South Africa,9-Dec-97,Cape Town,South Africa,61.52,7.1,16.2,38.22,,26.2,2.5,,,,0.5,9.1,1,1,126,3999,10,1498.3,504.8,993.5,866,86.3,720.6,,,,Jay Miller,Michael Storms,unknown,Lorraine Southey,Henry Dick & James Natland
JOIDES Resolution,177,SouthernOcean Paleoceanography,9-Dec-97,Cape Town,South Africa,5-Feb-98,Punta Arenas,Chile,58.5,5.1,20.3,33.1,,29.49,1.04,,,,1.19,1.39,7,31,549,4244,8.7,5359.4,370.5,4988.9,4046,81.1,4623.8,,,,Peter Blum,Glen Foss,Burnette Hamlin,Erinn McCarty,Rainer Gersonde & David Hodell
JOIDES Resolution,178,Antarctic Peninsula,5-Feb-98,Punta Arenas,Chile,9-Apr-98,Cape Town,South Africa,62.28,6.46,22.27,33.55,,25.01,3.97,,,,2.59,1.98,9,23,334,,10.5,3298.4,374.7,2923.7,1806.9,61.8,3841.6,,,,Gary Acton,Ronald Grout,Ted Gustafson,Paula Weiss,Peter Barker & Angelo Camerlenghi
JOIDES Resolution,179,Hammer Drilling and NERO,9-Apr-98,Cape Town,South Africa,7-Jun-98,Darwin,Australia,59.08,12.52,25.95,20.61,,14.07,0.46,,,,1.34,4.73,4,12,44,6439,10.4,670.8,527.8,143,118.4,82.8,1659,,,,Jay Miller,unknown,Kazushi Kuroki,unknown,John Casey & Thomas Pettigrew
JOIDES Resolution,180,Woodlark Basin,7-Jun-98,Darwin,Australia,11-Aug-98,Sydney,Australia,64.01,3.61,12.28,48.12,,39.54,4.72,,,,0,3.86,11,23,432,3105,10.6,4933.3,1021.1,3912.2,1966.4,50.3,3246.4,,,,Adam Klaus,Michael Storms,Burnette Hamlin,Paula Weiss,Philippe Huchon & Brian Taylor
JOIDES Resolution,181,SW Pacific Gateways,11-Aug-98,Sydney,Australia,8-Oct-98,Wellington,New Zealand,58.07,6.14,14.46,37.47,,28.51,3.99,,,,3.78,1.19,7,21,459,3310,9.5,4707,510.9,4196.1,3625.1,86.4,4492,,,,Carl Richter,Ronald Grout,Kazushi Kuroki,Erinn McCarty,Robert Carter & Ian McCave
JOIDES Resolution,182,Great Australian Bight,8-Oct-98,Wellington,New Zealand,7-Dec-98,Fremantle,Australia,60.61,5.92,17.47,37.22,,29.23,6.81,,,,0,1.19,9,27,623,3703.5,9,7065.9,1312.3,5753.6,3579.8,62.2,3876,,,,Mitchell Malone,Eugene Pollard,Ted Gustafson,Phil Rumford,David Feary & Albert Hine
JOIDES Resolution,183,Kerguelen,7-Dec-98,Fremantle,Australia,11-Feb-99,Fremantle,Australia,65.49,5.51,27.35,32.63,,27.47,1.75,,,,2.07,1.34,8,8,353,6278,9.8,3244.9,91,3153.9,1528.4,48.5,2394.1,,,,Paul Wallace,Michael Storms,Burnette Hamlin,Erinn McCarty,Millard Coffin & Frederick Frey
JOIDES Resolution,184,South China Sea,11-Feb-99,Fremantle,Australia,12-Apr-99,Hong Kong,Hong Kong,58.96,8.29,16.54,34.13,,29.46,4.08,,,,0,0.61,6,17,622,4068,10.5,6123.1,362.6,5760.5,5461.6,94.8,3297.1,,,,Peter Blum,Ronald Grout,Kazushi Kuroki,Gerald Bode,Warren Prell & Pinxian Wang
JOIDES Resolution,185,Izu-Mariana Margin,12-Apr-99,Hong Kong,Hong Kong,14-Jun-99,Yokohama,Japan,63.44,5.98,15.36,42.1,,33.62,3.89,,,,0.02,4.58,2,6,110,3831,10.8,2458.5,1398.3,1060.2,402.5,38,5867.3,,,,Carlota Escutia,Glen Foss,Burnette Hamlin,Erinn McCarty,John Ludden & Terry Plank
JOIDES Resolution,186,Western Pacific Geophysical Observatories,14-Jun-99,Yokohama,Japan,14-Aug-99,Yokohama,Japan,60.84,7.14,6.01,47.69,,31.53,8.15,,,,0,8.01,2,8,256,1453,10.1,7291.8,4865.1,2426.7,1741.2,71.8,2680.8,,,,Gary Acton,Michael Storms,Bradley Julson,Paula Weiss,I. Selwyn Sacks & Kiyoshi Suyehiro
JOIDES Resolution,187,Mantle Reservoirs and Migration Associated with Australian-Antarctic Rifting,16-Nov-99,Fremantle,Australia,10-Jan-00,Fremantle,Australia,54.67,4.76,14.63,35.28,,33.31,0,,,,0,1.97,13,23,112,3450.5,10.8,4406.5,3789.8,616.7,137.3,22.3,5736.4,,,,Jay Miller,Ronald Grout,Kazushi Kuroki,Bruce Horan,David Christie & Rolf Pedersen
JOIDES Resolution,188,"Prydz Bay-Cooperation Sea, Antarctica:  Glacial History and Paleoceanography",10-Jan-00,Fremantle,Australia,11-Mar-00,Hobart,Australia,61.36,5.81,24.67,30.88,,19.18,2.98,,,,7.43,1.29,3,7,201,5916,10.25,2819.8,967.7,1852.1,971.4,52.4,3537.6,,,,Carl Richter,Michael Storms,William Mills,Erinn McCarty,Alan Cooper & Philip O'Brien
JOIDES Resolution,189,The Tasmanian Gateway:  Cenozoic climatic and Oceanographic Development,11-Mar-00,Hobart,Australia,6-May-00,Sydney,Australia,60.72,5.68,10.08,44.96,,38.08,5.78,,,,0.18,0.92,5,16,551,2928.1,11,6258,1141.2,5116.8,4538.4,88.7,3567.9,,,,Mitchell Malone,Ronald Grout,Burnette Hamlin,Peter Esmay,Neville Exon & James Kennett
JOIDES Resolution,190,Deformation and Fluid Flow Processes in the Nankai Grough Accretionary Prism,6-May-00,Sydney,Australia,16-Jul-00,Yokohama,Japan,54.71,0.21,6.79,47.71,,40.9,1.17,,,,2.34,3.3,6,8,413,1857,11.35,4746.74,850.84,3895.9,2624.9,67.4,4844.3,,,,Adam Klaus,Thomas Pettigrew,Bradley Julson,Steven Prinz,Gregory Moore & Asahiko Taira
JOIDES Resolution,191,Northwest Pacific Seismic Observatory and Hammer Drill Tests,16-Jul-00,Yokohama,Japan,8-Sep-00,Apra Harbor,Guam,53.91,5.58,17.59,30.74,,21.89,2.78,,,,0.46,5.61,4,18,56,4578,11.4,1902.8,1393.8,509,363.2,71.4,5566,,,,Carlota Escutia,Michael Storms,William Mills,unknown,Toshihiko Kanazawa & William Sager
JOIDES Resolution,192,Basement Drilling fo the Ontong Java Plateau,8-Sep-00,Apra Harbor,Guam,7-Nov-00,Apra Harbor,Guam,59.09,4.19,13.15,41.75,,38.17,0.74,,,,0,2.83,5,6,203,3479,11.2,4147,2383.2,1763.8,897.6,50.9,3898.9,,,,Paul Wallace,Ronald Grout,Roy Davis,Peter Esmay,J. Godfrey Fitton & John Mahoney
JOIDES Resolution,193,Manus Basin,7-Nov-00,Apra Harbor,Guam,3-Jan-01,Townsville,Australia,57.21,6.71,8.86,41.64,,29.19,3.78,,,,0,8.68,4,13,107,2351.1,11.4,1299.6,563.5,736.1,79.3,10.8,1703.1,,,,Jay Miller,Michael Storms,Burnette Hamlin,Jessica Huckemeyer,Fernando Barriga & Raymond Binns
JOIDES Resolution,194,Marion Plateau,3-Jan-01,Townsville,Australia,2-Mar-01,Apra Harbor,Guam,57.76,4.38,10.64,42.74,,35.62,3.42,,,,0.75,2.96,8,16,597,2824,11.7,6008.2,1043.1,4965.1,2054.9,41.4,419.9,,,,Peter Blum,Ronald Grout,William Mills,Peter Esmay,Flavio Anselmetti & Alexandra Isern
JOIDES Resolution,195,Mariana / West Pacific ION,2-Mar-01,Apra Harbor,Guam,2-May-01,Keelung,Taiwan,60.79,5.19,7.84,47.76,,35.02,3.49,,,,0,9.25,3,15,196,2095.1,11.5,2589.8,922.9,1666.9,1306.2,78.4,5710.2,,,,Carl Richter,Michael Storms,Roy Davis,Jessica Huckemeyer,Matthew Salisbury & Masanao Shinohara
JOIDES Resolution,196,Nankai II,2-May-01,Keelung,Taiwan,1-Jul-01,Yokohama,Japan,58.89,5.56,6.63,46.7,,19.54,3.77,,,,1.25,22.13,2,4,3,1606,10.2,2115.8,2096.3,19.5,5.2,26.6,4791.1,,,,Adam Klaus,Eddie Wright,Burnette Hamlin,Kim Bracchi,Keir Becker & Hitoshi Mikada & J. Casey Moore
JOIDES Resolution,197,Hotspots,1-Jul-01,Yokohama,Japan,27-Aug-01,Yokohama,Japan,57.19,4.31,15.57,37.31,,32.17,2.56,,,,0,2.58,4,5,188,4209.8,11.3,3410.6,1929.6,1481,752.8,50.8,2593.5,,,,David Scholl,Ronald Grout,William Mills,Paula Weiss,Robert Duncan & John Tarduno
JOIDES Resolution,198,Shatsky Rise,27-Aug-01,Yokohama,Japan,23-Oct-01,Honolulu,USA,58.12,3.85,16.95,37.32,,32.74,1.43,,,,1.66,1.5,8,16,443,4298,10.2,4461.7,514.9,3946.8,2914.4,73.8,3882.8,,,,Mitchell Malone,Michael Storms,Burnette Hamlin,Kim Bracchi,Timothy Bralower & Isabella Premoli-Silva
JOIDES Resolution,199,Paleogene Pacific,23-Oct-01,Honolulu,USA,16-Dec-01,Honolulu,USA,53.48,4.52,14.4,34.56,,30.6,2.54,,,,0,1.43,8,21,283,3675,10.7,2881.9,416.8,2465.1,2196.9,89.1,5395.6,,,,Thomas Janecek,Ronald Grout,Roy Davis,Bruce Horan,Mitchell Lyle & Paul Wilson
JOIDES Resolution,200,H2O Observatory,16-Dec-01,Honolulu,USA,27-Jan-02,San Diego,USA,41.97,4.26,9.31,28.4,,18.5,1.13,,,,6.11,2.66,2,7,39,2261,10.6,355.8,66.9,288.9,100.2,34.7,4970.4,,,,Gary Acton,Brian Jonasson,William Mills,Jessica Huckemeyer,Junzo Kasahara & Ralph Stephen
JOIDES Resolution,201,Peru Biosphere,27-Jan-02,San Diego,USA,29-Mar-02,Valparaiso,Chile,60.89,5.17,22.56,33.16,,25.78,7.09,,,,0,0.29,7,33,377,,11.3,3395.7,210.9,3184.8,2845.2,89.3,5086.9,,,,Jay Miller,Michael Storms/Brian Jonasson,unknown,Paula Weiss,Steven D'Hondt & Bo Barker Jorgensen
JOIDES Resolution,202,Southeast Paleoceanography,29-Mar-02,Valparaiso,Chile,30-May-02,Balboa,Panama,62.12,5.77,18.65,37.7,,34.81,2.27,,,,0,0.62,11,38,762,4681,10.7,7463.7,383.6,7080.1,7081,100,4078.6,,,,Peter Blum,Ronald Grout,Burnette Hamlin,Jessica Huckemeyer,Alan Mix & Ralf Tiedemann
JOIDES Resolution,203,Equatorial Pacific Ion,30-May-02,Balboa,Panama,7-Jul-02,Victoria,Canada,37.89,4.09,19.27,14.53,,7.82,1.59,,,,0,5.11,1,2,19,4773,10.62,407.3,314,93.3,28.2,30.2,3871.3,,,,Thomas Davies,Brian Jonasson,Roy Davis,Paula Weiss,John Orcutt & Adam Schultz
JOIDES Resolution,204,Gas Hydrates,7-Jul-02,Victoria,Canada,2-Sep-02,Victoria,Canada,56.97,4.14,2.42,50.41,,36.71,6.09,,,,0,7.6,9,45,467,608,10.6,7126.2,3475.8,3674.5,3068.29,83.5,1228,,,,Frank Rack,Michael Storms,Bradley Julson,Jessica Huckemeyer,Gerhard Bohrmann & Anne Trehu
JOIDES Resolution,205,Costa Rica,2-Sep-02,Victoria,Canada,6-Nov-02,Balboa,Panama,64.98,5.25,16.35,43.38,,27.89,1.97,,,,0,13.52,3,4,19,3828,10.1,1402.5,998,404.5,280.6,69.4,4387.2,,,,Adam Klaus,Thomas Pettigrew,Burnette Hamlin,Paula Weiss,Julie Morris & Heinrich Villinger
JOIDES Resolution,206,Fast Spreading Crust,6-Nov-02,Balboa,Panama,4-Jan-03,Bridgetown,Barbados,59.02,6.21,6.35,46.46,,35.96,4.1,,,,0.24,4.66,1,4,117,1645,11,1346.3,496.2,850.1,514.9,60.6,3645.2,,,,Gary Acton,Ronald Grout,Roy Davis,Mads Radsted,Damon Teagle & Douglas Wilson
JOIDES Resolution,207,Demerara Rise,11-Jan-03,Bridgetown,Barbados,6-Mar-03,Rio de Janeiro,Brazil,53.72,1.9,16.99,34.83,,29.33,4.61,,,,0,0.89,5,13,486,4408,9.9,6154.4,1987.4,4167,3122.37,74.9,3203.2,,,,Mitchell Malone,Thomas Pettigrew,William Mills,Paula Weiss,Jochen Erbacher & David Mosher
JOIDES Resolution,208,Walvis Ridge,6-Mar-03,Rio de Janeiro,Brazil,6-May-03,Rio de Janeiro,Brazil,60.69,7.58,20.78,32.33,,30.09,1.76,,,,0,0.49,6,17,414,5102,10.3,5058.4,1356.8,3701.6,3590.8,97.01,4770,,,,Peter Blum,Ronald Grout,Burnette Hamlin,Peter Esmay,Dick Kroon & James Zachos
JOIDES Resolution,209,MAR Peridotite,6-May-03,Rio de Janeiro,Brazil,6-Jul-03,St. George,Bermuda,61.3,5.97,15.6,39.73,,32.15,2.91,,,,0,4.68,8,19,218,4224,11.3,1187.4,0,1187.4,357.09,30.1,3951,,,,Jay Miller,Michael Storms,Roy Davis,Paula Weiss,Peter Kelemen & Eiichi Kikawa
JOIDES Resolution,210,Newfoundland Margin,6-Jul-03,St. George,Bermuda,6-Sep-03,St John's,Canada,61.83,4.89,6.5,50.44,,35.53,1.5,,,,0,13.41,2,2,111,1227,11.03,1820.3,807,1013.3,824.42,81.4,4560,,,,Adam Klaus,Brian Jonasson,William Mills,Gerald Bode,Jean-Claude Sibuet & Brian Tucholke
JOIDES Resolution,301,Juan de Fuca Hydrogeology,27-Jun-04,Astoria,USA,20-Aug-04,Astoria,USA,53.94,0.1,1.55,52.29,,14.57,4.35,19.75,2.97,9.79,0.16,0.7,2,5,61,342,10.46,1296.6,841.2,455.4,254.46,55.9,2656.4,2655.4,,,Adam Klaus,Michael Storms,Burnette Hamlin,Paula Weiss,Andrew Fisher & Tetsuro Urabe
JOIDES Resolution,301T,Costa Rica Hydrogeology APL/Transit,20-Aug-04,Astoria,USA,25-Sep-04,St. John's,Canada,35.9,4.29,27.65,3.98,,0,0,0,0,0,0,3.98,2,2,0,6851,,0,0,0,0,,4376.3,4311.6,,,not applicable,Michael Storms,Bradley Julson,unknown,Miriam Kastner
JOIDES Resolution,303,North Atlantic Climate 1,25-Sep-04,St. John's,Canada,17-Nov-04,Ponta Delgada,Azores,53.03,5.36,14.86,32.8,,31.07,0.5,0,0,0,0.99,0.24,7,26,511,3575,10.3,4780.6,81.5,4699.1,4656.1,99.1,3873.8,2270.5,,,Mitchell Malone,Ronald Grout,Roy Davis,Paula Weiss,James Channell & Tokiyuki Sato
JOIDES Resolution,304,Oceanic Core Complex 1,17-Nov-04,Ponta Delgada,Azores,8-Jan-05,Ponta Delgada,Azores,51.54,3.5,7.15,40.9,,26.73,2.23,1.4,0.07,9.94,0.04,0.49,3,12,107,1878,10.95,586.1,49.1,537,308.23,57.5,2583.8,1637.9,,,Jay Miller,Stephen Midgley,Burnette Hamlin,unknown,Donna Blackman & Barbara John
JOIDES Resolution,305,Oceanic Core Complex 2,8-Jan-05,Ponta Delgada,Azores,2-Mar-05,Ponta Delgada,Azores,53.86,4.83,8.52,40.34,,35.37,4.19,0.64,0,0,0,0.15,1,1,219,1952,9.8,1014.2,0,1014.2,799.7,78.8,1644.9,1644.9,,,Jay Miller,Ronald Grout,Roy Davis,Paula Weiss,Benoit Ildefonse & Yasuhiko Ohara
JOIDES Resolution,306,North Atlantic Climate 2,2-Mar-05,Ponta Delgada,Azores,25-Apr-05,Dublin,Ireland,53.82,6.58,19.03,28.21,,13.26,1.66,2.7,0,0.8,8.31,1.48,5,11,243,4092,9.2,2450.5,181.1,2269.4,2342.8,103.2,3522.7,1271.8,,,Carlos Alvarez Zarikian,Michael Storms,Burnette Hamlin,Steven Prinz,Toshiya Kanamatsu & Rudiger Stein
JOIDES Resolution,307,Porcupine Carbonate Mounds/Transit,25-Apr-05,Dublin,Ireland,30-May-05,Mobile,USA,34.63,3.14,19.6,11.89,,9.78,1.88,0,0,0,0,0.23,3,11,181,4879,10.6,1679.4,150,1529.4,1384.92,90.6,948.4,408.8,,,Trevor Williams,Derryl Schroeder,Roy Davis,Paula Weiss,Timothy Ferdelman & Akihiro Kano
JOIDES Resolution,308,Gulf of Mexico Hydrogeology,30-May-05,Mobile,USA,8-Jul-05,Cristobal,Panama,38.91,5.19,8.43,25.29,,21.52,1.91,0.78,0,0,0.19,0.9,6,13,166,2016,10.3,3959.6,2573.4,1386.2,1300.2,93.8,1470,1055.5,,,Cedric John,Ronald Grout,Roy Davis,Bruce Horan,Jan Behrmann & Peter Flemings
JOIDES Resolution,309,Superfast Spreading Rate Crust 2,8-Jul-05,Cristobal,Panama,28-Aug-05,Balboa,Panama,50.76,4.35,7.31,39.09,,34.95,3.54,0.13,0,0,0,0.48,1,1,96,1644,10,503.3,0,503.3,182.61,36.3,3634.7,3634.7,,,Neil Banerjee,Kevin Grigar,Burnette Hamlin,Paula Weiss,Damon Teagle & Susumu Umino
JOIDES Resolution,311,Cascadia Margin Gas Hydrates,28-Aug-05,Balboa/Astoria,Panama,28-Oct-05,Victoria,Canada,61.06,7.15,17.27,36.65,,21.16,12.46,0,0,0,1.66,1.38,5,23,180,4426.2,10.3,4426.2,2810.3,1615.9,1190.1,75.6,2201.1,945.5,,,Mitchell Malone,Michael Storms,Roy Davis,Philip Rumford,Tim Collett & Michael Riedel
JOIDES Resolution,312,Superfast Spreading Rate Crust 3,28-Oct-05,Victoria/Acapulco,Canada,29-Dec-05,Cristobal,Panama,61.15,5.75,16.79,38.6,,22.54,3.63,0.53,3.14,0,0,4.72,1,1,62,4199,10.9,252,0,252,46.52,18.5,3634.7,3634.7,,,Neil Banerjee,Ronald Grout,Burnette Hamlin,Paula Weiss,Jeffrey Alt & Sumio Miyashita
JOIDES Resolution,320T,Assessment & Ontong Java Sea Trials,25-Jan-09,Singapore,Singapore,5-Mar-09,Honolulu,USA,40.14,3.71,29.35,7.07,,4.07,2.01,0.05,0,0,0,0.94,1,2,12,2901,,646,534.7,111.3,103.26,92.8,2804.7,2803.7,,,not applicable,Michael Storms,Bradley Julson,Chad Broyles,not applicable
JOIDES Resolution,320,Pacific Equatorial Age Transect 1,5-Mar-09,Honolulu,USA,5-May-09,Honolulu,USA,59.86,5.18,17.58,37.1,,33.94,1.16,0.19,0.65,0,1.07,0.1,6,16,416,4231.1,10.1,3729.3,94.7,3634.6,3551.96,97.7,5116.9,4285.3,,,Adam Klaus,Ronald Grout,Roy Davis,Gerald Bode,Hiroshi Nishi & Heiko Palike
JOIDES Resolution,321,Pacific Equatorial Age Transect 2,5-May-09,Honolulu,USA,23-Jun-09,San Diego,USA,50.28,4.91,18.7,26.67,,21.64,3.72,0,0,0,0.17,1.15,2,8,296,4478,10.2,2849.3,161.5,2687.8,2588.86,96.3,4467.5,4198.6,,,Kusali Gamage,Michael Storms,Chieh Peng,Chad Broyles,Mitchell Lyle & Isabella Raffi
JOIDES Resolution,321T,Juan de Fuca Cementing,23-Jun-09,San Diego,USA,5-Jul-09,Victoria,Canada,12.61,1.57,6.73,4.31,,0.47,0,0.78,0,0,0,3.06,1,2,0,1351,8.3,0,0,0,0,,2656.4,2655.4,,,Kusali Gamage,Michael Storms,Chieh Peng,Chad Broyles,Andrew Fisher
JOIDES Resolution,323,Being Sea Paleoceanography,5-Jul-09,Victoria,Canada,4-Sep-09,Yokohama,Japan,61,5.49,20.4,35.11,,31.22,3.3,0,0,0,0.59,0,7,39,669,5029,10.27,5927.1,30.6,5896.54,5740.85,97.4,3174.1,818.2,,,Carlos Alvarez Zarikian,Stephen Midgley,William Mills,Gerald Bode,Christina Ravelo & Kozo Takahashi
JOIDES Resolution,324,Shatsky Rise Formation,4-Sep-09,Yokohama,Japan,4-Nov-09,Townsville,Australia,59.81,4.94,22.04,32.83,,26.96,4.45,0.39,0,0,0.92,0.13,5,5,113,5501,10.5,1399.6,476.3,923.3,363.5,39.4,4055.9,3127,,,Joerg Geldmacher,Ronald Grout,Roy Davis,Chad Broyles,William Sager & Takashi Sano
JOIDES Resolution,317,Canterbury Basin Sea Level,4-Nov-09,Townsville,Australia,4-Jan-10,Wellington,New Zealand,61.1,5.91,10.44,44.77,,38.76,4.68,0,0,0,0.81,0.52,4,13,555,2711,10.89,6699.6,2194.4,4505.23,2338.68,51.9,344.2,84.2,,,Peter Blum,Stephen Midgley,Kazushi Kuroki,Lara Miles,Craig Fulthorpe & Koichi Hoyanagi
JOIDES Resolution,318,Wilkes Land Glacial History,4-Jan-10,Wellington,New Zealand,8-Mar-10,Hobart,Australia,63.98,5.85,22.51,35.61,,27.22,3.11,0.2,0,0,4.86,0.22,7,14,331,4810,,3224.1,152.2,3071.9,1972.6,64.2,3991.9,495,,,Adam Klaus,Ronald Grout,Roy Davis,Chad Broyles,Henk Brinkhuis & Carlota Escutia
JOIDES Resolution,318T,Transit,8-Mar-10,Hobart,Australia,13-Apr-10,Victoria,Canada,36.58,4.88,31.7,0,,0,0,0,0,0,0,0,0,0,0,7484,,0,0,0,0,,,,,,not applicable,Michael Storms,William Mills,unknown,not applicable
JOIDES Resolution,327,Juan de Fuca Hydrogeology,5-Jul-10,Victoria,Canada,5-Sep-10,Victoria,Canada,62.02,4.18,1.9,55.95,,37.57,2.86,3.3,0.99,5.89,0.19,5.15,4,11,46,442,9.9,1458.7,1121,337.7,169.97,50.3,2678.6,2661.1,,,Katerina Petronotis,Stephen Midgley,William Mills,Lara Miles,Andrew Fisher & Takeshi Tsuji
JOIDES Resolution,328,Cascadia ACORK Observatory,5-Sep-10,Victoria,Canada,18-Sep-10,Victoria,Canada,12.98,4.31,1.33,7.33,,3.14,0,3.2,0,0.73,0.16,0.11,1,1,0,,10.7,336,336,0,0,,1317.7,1317.7,,,Mitchell Malone,Ronald Grout,Bradley Julson,unknown,Earl Davis
JOIDES Resolution,328T,Transit,18-Sep-10,Victoria,Canada,9-Oct-10,Papeete,Tahiti,19.1,2.35,16.76,0,,0,0,0,0,0,0,0,0,0,0,4254.5,10.7,0,0,0,0,,,,,,not applicable,Ronald Grout,Bradley Julson,unknown,not applicable
JOIDES Resolution,329,South Pacific Gyre Microbiology,9-Oct-10,Papeete,Tahiti,13-Dec-10,Auckland,New Zealand,66,5.1,27.22,33.68,,31.42,0.68,0,0,0,1.48,0.1,7,42,194,6655,10.24,1719.6,397.8,1321.81,1168.81,88.4,5696.7,3738.6,,,Carlos Alvarez Zarikian,Stephen Midgley,Roy Davis,Chad Broyles,Steven D'Hondt & Fumio Inagaki
JOIDES Resolution,330,Louisville Seamount Trail,13-Dec-10,Auckland,New Zealand,11-Feb-11,Auckland,New Zealand,60.45,5.06,10.7,44.69,,37.15,3.95,1.81,1.59,0,0,0.19,6,8,161,2579,10.3,1113.7,0,1113.71,806.31,72.4,1957.6,1250.8,,,Joerg Geldmacher,Ronald Grout,William Mills,Lara Miles,Anthony Koppers & Toshitsugu Yamazaki
JOIDES Resolution,330T,Transit,11-Feb-11,Auckland,New Zealand,15-Mar-11,Puntarenas,Costa Rica,31.03,6.25,24.78,0,,0,0,0,0,0,0,0,0,0,0,6312,10.7,0,0,0,0,,,,,,not applicable,Michael Storms,Roy Davis,unknown,not applicable
JOIDES Resolution,334,Costa Rica Seismogenesis Project,15-Mar-11,Puntarenas,Costa Rica,13-Apr-11,Puntarenas,Costa Rica,30.9,4.09,1.85,24.94,,17.46,6.29,0,0,0,0.2,0.99,4,8,221,417.9,9.6,3639.6,1877.7,1761.9,1492.88,84.7,2068.7,125.9,,,Nicole Stroncik,Stephen Midgley,Roy Davis,Lara Miles,Kohtaro Ujiie & Paola Vannucchi
JOIDES Resolution,335,Superfast Spreading Rate Crust 4,13-Apr-11,Puntarenas,Costa Rica,3-Jun-11,Balboa,Panama,50.91,3.74,5.74,41.43,,35.89,1.42,2.22,0.7,0,0.35,0.85,1,1,5,1308,9.5,14.5,0,14.5,1.64,11.3,3634.7,3634.7,,,Peter Blum,Ronald Grout,William Mills,Chad Broyles,Benoit Ildefonse & Damon Teagle
JOIDES Resolution,335T,Transit,3-Jun-11,Balboa,Panama,9-Jun-11,Curacao,Curacao,6,2.9,3.1,0,,0,0,0,0,0,0,0,0,0,0,749.1,9.8,0,0,0,0,,,,,,not applicable,Michael Storms,William Mills,unknown,not applicable
JOIDES Resolution,336,Mid-Atlantic Ridge Microbiology,16-Sep-11,Bridgetown,Barbados,17-Nov-11,Ponta Delgada,Azores,62.74,1.92,12.65,48.18,,33.01,3.66,4.1,0,5.2,1.57,0.64,4,9,80,2870.3,9.4,950.8,305.3,645.5,359.4,55.7,4482.9,4413.8,,,Adam Klaus,Stephen Midgley,William Mills,Gemma Barrett,Wolfgang Bach & Katrina Edwards
JOIDES Resolution,339,Mediterranean Outflow,17-Nov-11,Ponta Delgada,Azores,17-Jan-12,Lisbon,Portugal,61.92,5.98,4.78,51.16,,45.93,3.6,1.3,0.11,0,0,0.21,7,25,681,1203.2,10.9,7857.4,1555.8,6301.6,5446.66,86.4,2588.7,558.2,,,Carlos Alvarez Zarikian,Ronald Grout,Roy Davis,Chad Broyles,Francisco J. Hernandez-Molina & Dorrik Stow
JOIDES Resolution,340T,Atlantis Massif APL,15-Feb-12,Lisbon,Portugal,2-Mar-12,San Juan,Puerto Rico,15.17,0,10.23,4.94,,1.39,2.82,0.32,0,0,0.22,0.19,2,1,1,3207,12.1,0,0,0.01,0.01,100,1644.6,1644.6,,,Angela Slagle,Stephen Midgley,William Mills,unknown,Donna Blackman
JOIDES Resolution,340,Lesser Antilles Volcanism and Landslides,2-Mar-12,San Juan,Puerto Rico,17-Apr-12,Curacao,Curacao,45.84,2.86,4.43,38.55,,31.56,3.82,0.17,2.8,0,0.03,0.17,9,20,434,1693.6,10.5,3759.2,271.7,3487.5,2384.25,68.4,2935.3,786.7,,,Adam Klaus,Stephen Midgley,William Mills,Gemma Barrett,Osamu Ishizuka & Anne Le Friant
JOIDES Resolution,342T,Transit,28-May-12,Curacao,Curacao,1-Jun-12,St. George,Bermuda,3.88,0,3.88,0,,0,0,0,0,0,0,0,0,0,0,1278,,0,0,0,0,,,,,,not applicable,Michael Storms,Roy Davis,unknown,not applicable
JOIDES Resolution,342,Paleogene Newfoundland Sediment Drifts,2-Jun-12,St. George,Bermuda,30-Jul-12,St. John's,Canada,58.88,2.45,8.89,47.54,,44.24,1.18,0.18,0,0.76,0.82,0.36,10,28,657,2133.8,10.04,6020.1,278.2,5741.9,5412.52,94.3,4948.7,638.6,,,Peter Blum,Stephen Midgley,Roy Davis,Brad Weymer,Richard Norris & Paul Wilson
JOIDES Resolution,344T,Transit,6-Oct-12,St. John's,Canada,23-Oct-12,Balboa,Panama,11.39,0,11.39,0,,0,0,0,0,0,0,0,0,0,0,2801,,0,0,0,0,,,,,,not applicable,Stephen Midgley,Roy Davis,unknown,not applicable
JOIDES Resolution,344,Costa Rica Seismogenesis Project 2,23-Oct-12,Balboa,Panama,11-Dec-12,Puntarenas,Costa Rica,48.6,0.94,2.17,45.5,,37.52,3.34,3.39,-0.55,0,0.54,0.16,5,11,253,552.2,9.76,3483.1,1465.5,2017.6,1471.1,72.9,2458.6,502.7,,,Katerina Petronotis,Stephen Midgley,Roy Davis,Gemma Maxwell,Robert Harris & Arito Sakaguchi
JOIDES Resolution,345,Hess Deep,11-Dec-12,Puntarenas,Costa Rica,12-Feb-13,Balboa,Panama,63.26,6.55,10.81,45.9,,36.76,0.65,6.41,0.47,0,0.41,1.21,1,16,45,2584,10,454.9,154.4,300.5,75.17,18.4,4852.7,4674.7,,,Adam Klaus,Michael Storms,William Mills,Chad Broyles,Kathryn Gillis & Jonathan Snow
JOIDES Resolution,341T,Transit,12-Feb-13,Balboa,Panama,4-Mar,Victoria,Canada,20.29,2.98,17.31,0,,0,0,0,0,0,0,0,0,0,0,4119,9.9,0,0,0,0,,,,,,not applicable,Stephen Midgley,Roy Davis,unknown,
JOIDES Resolution,341S,SCIMPI & CORK APL,19-May-13,Victoria,Canada,29-May-13,Victoria,Canada,9.33,0,1.92,7.42,,2.51,0,3.31,0,0.48,0,1.11,1,2,0,442,8.83,550,550,0,0,,2416.8,1260.8,,,Adam Klaus,Michael Storms,Timothy Bronk,unknown,Ian Kulin & Michael Riedel
JOIDES Resolution,341,Alaska Climate and Tectonics,29-May-13,Victoria,Canada,29-Jul-13,Valdez,USA,61.19,2.19,5.88,53.13,,47.64,4.83,0.13,0,0,0.3,0.23,5,20,682,1453,10.3,6223.2,748.8,5474.4,3239.73,59.2,4189.8,248.2,,,Leah LeVay,Stephen Midgley,Roy Davis,Gemma Maxwell,Sean Gulick & John Jaeger
JOIDES Resolution,346,Asian Monsoon,29-Jul-13,Valdez,USA,27-Sep-13,Busan,South Korea,59.09,3.83,24.21,31.05,,27.73,2.1,0.35,0,0,0,0.86,9,31,813,5483.7,10.3,6227,181.1,6045.9,6135.29,101.5,3429,325.6,,,Carlos Alvarez Zarikian,Michael Storms,William Mills,Chad Broyles,Rick Murray & Ryuji Tada
JOIDES Resolution,346T,Transit,27-Sep-13,Busan,South Korea,8-Oct-13,Subic Bay,Philippines,11.13,4.26,6.2,0.67,,0,0,0.67,0,0,0,0,0,0,0,1416,9.5,0,0,0,0,,,,2,0,not applicable,Stephen Midgley,Roy Davis,unknown,not applicable
JOIDES Resolution,349P,Tie up (maintenance),8-Oct-13,Subic Bay,Philippines,21-Jan-14,Subic Bay,Philippines,105.32,105.32,0,0,,0,0,0,0,0,0,0,0,0,0,0,,0,0,0,0,,,,0,0,not applicable,Stephen Midgley/Michael Storms,Roy Davis,unknown,not applicable
JOIDES Resolution,349T,Transit,21-Jan-14,Subic Bay,Philippines,26-Jan-14,Hong Kong,Hong Kong,4.68,4.67,3.66,1.01,,0,0,0,0,0,0,1.01,0,0,0,626,6.95,0,0,0,0,,,,1,0,Denise Kulhanek,Kevin Grigar,William Mills,unknown,not applicable
JOIDES Resolution,349,South China Sea Tectonics,26-Jan-14,Hong Kong,Hong Kong,30-Mar-14,Keelung,Taiwan,62.94,3.17,8.47,51.3,,43.32,2.57,3.42,1.14,0,0.13,0.73,5,12,274,1945,10.18,4316.7,1810.4,2506.3,1603.48,64,4379.4,3252.5,9,6,Denise Kulhanek,Stephen Midgley,Roy Davis,Gemma Maxwell,Chun-Feng Li & Jian Lin
JOIDES Resolution,350,IBM Rear Arc,30-Mar-14,Keelung,Taiwan,30-May-14,Yokohama,Japan,61.11,5.27,5.51,50.33,,42.27,1.04,4.68,0.5,0,0.28,1.56,2,9,264,1473,10.59,3989.1,1865.9,2123.2,1359.81,64,2116.1,1773.9,17,12,Peter Blum,Kevin Grigar,William Mills,Chad Broyles,Cathy Busby & Yoshihiko Tamura
JOIDES Resolution,351,IBM Arc Origins,30-May-14,Yokohama,Japan,30-Jul-14,Yokohama,Japan,60.99,4.78,6.59,49.6,,37.22,3.15,3.25,0.46,0,3.41,2.13,1,6,189,1709,8.4,3557.6,1851.3,1706.3,1225.84,71.8,4700.5,4699.9,10,5,Kara Bogus,Michael Storms,Roy Davis,Gemma Maxwell,Richard Arculus & Osamu Ishizuka
JOIDES Resolution,352,IBM Fore Arc,30-Jul-14,Yokohama,Japan,28-Sep-14,Keelung,Taiwan,60.2,5.01,7,47.85,,40.27,2.66,3.19,0.16,0,1.54,0.04,4,7,194,1601,11.35,2011.1,326.5,1684.6,561.21,33.3,4775.2,3128.1,11,8,Katerina Petronotis,Stephen Midgley,William Mills,Chad Broyles,Julian Pearce & Mark Reagan
JOIDES Resolution,353P/T,Subic Tie-up,28-Sep-14,Keelung,Taiwan,29-Nov-14,Singapore,Singapore,61.75,53.94,7.81,0,,0,0,0,0,0,0,0,0,0,0,2051,10.9,0,0,0,0,,,,0,0,not applicable,Michael Storms,William Mills,unknown,not applicable
JOIDES Resolution,353,Indian Monsoon Rainfall,29-Nov-14,Singapore,Singapore,29-Jan-15,Singapore,Singapore,60.95,6.85,15.76,38.33,,30.51,0.85,0.45,0,0,1.39,5.14,6,18,557,4024.4,10.6,4484.3,52.5,4431.8,4280.12,96.6,3132.7,1096.5,1,0,Leah LeVay,Kevin Grigar,Roy Davis,Chad Broyles,Steven Clemens & Wolfgang Kuhnt
JOIDES Resolution,354,Bengal Fan,29-Jan-15,Singapore,Singapore,31-Mar-15,Colombo,Sri Lanka,61.13,4.1,7.22,48.8,,45.17,1.17,1.64,0.26,0,0.19,0.39,7,17,462,1906,11.13,5159.3,2277.5,2889.7,1727.12,59.8,3733,3607.2,4,3,Adam Klaus,Stephen Midgley,William Mills,Hannah Kastor,Christian France-Lanord & Volkhard Spiess
JOIDES Resolution,355,Arabian Sea Monsoon,31-Mar-15,Colombo,Sri Lanka,31-May-15,Mumbai,India,61.1,5.53,5.3,50.27,,39.95,1.13,5.39,1.17,0,0.91,1.74,2,8,333,1318,10.4,4512.8,1870,2642.8,1721.58,65.1,3645,3522.7,9,4,Denise Kulhanek,Michael Storms,Chieh Peng,Chad Broyles,Peter Clift & Dhananjai Pandey
JOIDES Resolution,355T,Transit,31-May-15,Mumbai,India,5-Jun-15,Colombo,Sri Lanka,4.9,1.25,3.65,0,,0,0,0,0,0,0,0,0,0,0,940,10.8,0,0,0,0,,,,0,0,not applicable,Michael Storms,Chieh Peng,unknown,not applicable
JOIDES Resolution,356T,Transit,5-Jun-15,Colombo,Sri Lanka,1-Jul-15,Fremantle,Australia,26.01,4.99,20.94,0,,0.08,0,0,0,0,0,0,0,0,0,2607,6.6,0,0,0,0,,,,0,0,not applicable,Kevin Grigar,William Mills,unknown,not applicable
JOIDES Resolution,356P,Tie up (maintenance),1-Jul-15,Fremantle,Australia,31-Jul-15,Fremantle,Australia,29.85,29.85,0,0,,0,0,0,0,0,0,0,0,0,0,0,,0,0,0,0,,,,0,0,not applicable,Kevin Grigar,William Mills,unknown,not applicable
JOIDES Resolution,356,Indonesian Throughflow,31-Jul-15,Fremantle,Australia,30-Sep-15,Darwin,Australia,61.03,3.34,7.61,50.07,,42.41,5.65,0.26,0.43,0,1.1,0.23,7,18,1148,1927,10.43,8880.7,1099.2,7781.5,5185.15,66.6,264.4,87.2,2,0,Kara Bogus,Stephen Midgley,Roy Davis,Hannah Kastor,Craig Fulthorpe & Stephen Gallagher
JOIDES Resolution,359,Maldives Monsoon & Sea Level,30-Sep-15,Darwin,Australia,30-Nov-15,Colombo,Sri Lanka,61.2,5.78,15.82,39.59,,35.61,2.16,0.04,0.03,0.42,0,1.33,8,22,658,4269.2,11.4,8725,3296.2,5428.8,3096.66,57,521.5,379.3,1,0,Carlos Alvarez Zarikian,Michael Storms,Lisa Crowder,Chad Broyles,Christian Betzler & Gregor Eberli
JOIDES Resolution,360,SW Indian Ridge Lower Crust & Moho,30-Nov-15,Colombo,Sri Lanka,30-Jan-16,Port Louis,Mauritius,61.03,5.34,19.5,36.19,,24.98,1.31,2.32,6.53,0,0.78,0.26,1,1,88,4907,10.53,789.7,47,742.7,469.15,63.2,710.2,710.2,28,24,Peter Blum,Stephen Midgley,Roy Davis,unknown,Henry Dick & Chris MacLeod
JOIDES Resolution,361,South African Climates,30-Jan-16,Port Louis,Mauritius,31-Mar-16,Cape Town,South Africa,61.18,4.89,26.55,29.74,,27.22,0,0,0,0,1.52,1,6,35,601,6772,10.87,5507.4,427,5080.4,5175.69,101.9,3039.1,429.2,0,0,Leah LeVay,Kevin Grigar,William Mills,Chad Broyles,Ian Hall & Sidney Hemming
JOIDES Resolution,361P,Tie up (maintenance),31-Mar-16,Cape Town,South Africa,4-Jul-16,Cape Town,South Africa,95.09,95.09,0,0,,0,0,0,0,0,0,0,0,0,0,0,,0,0,0,0,,,,0,0,not applicable,Stephen Midgley/Michael Storms,Roy Davis/William Mills,unknown,not applicable
JOIDES Resolution,362T,Transit (U1473 Remedial Operations),4-Jul-16,Cape Town,South Africa,3-Aug-16,Colombo,Sri Lanka,29.73,0,19.21,10.52,,6.94,0.2,2.19,0,0,0,0.85,2,1,4,6123,10.5,20,0,20,17,85.8,710.4,710.4,10,9,Peter Blum,Michael Storms,Roy Davis,unknown,not applicable
JOIDES Resolution,362,Sumatra Seismogenic Zone,3-Aug-16,Colombo,Sri Lanka,6-Oct-16,Singapore,Singapore,63.73,5.9,6.93,40.51,10.39,31.86,2.24,5.33,0.22,0,0.6,0.26,2,8,229,3885.3,11.45,4010.2,2057.3,1052.9,1047.4,53.6,4178.3,4147.3,5,2,Katerina Petronotis,Stephen Midgley,William Mills,Brittany Martinez,Brandon Dugan & Lisa McNeill
JOIDES Resolution,363,Western Pacific Warm Pool,6-Oct-16,Singapore,Singapore,8-Dec-16,Guam,Guam,62.83,4.93,18.3,39.6,,37.79,0.84,0,0,0,0.72,0.25,9,30,801,4990.5,11.4,7227.5,361.7,6865.8,6956,101.3,3423.7,873.6,0,0,Denise Kulhanek,Kevin Grigar,Roy Davis,Chad Broyles,Ann Holbourn & Yair Rosenthal
JOIDES Resolution,366,Mariana Convergent Margin,8-Dec-16,Guam,Guam,7-Feb-17,Hong Kong,Hong Kong,61.15,4.94,12.07,44.14,,35.56,0.65,4.33,0.6,0.7,0.17,2.13,9,22,185,2602.9,10.3,1425.3,375.6,1049.7,481.76,45.9,4518.9,1240.2,24,9,Trevor Williams,Michael Storms,William Mills,Brittany Martinez,Patricia Fryer & Geoffrey Wheat
JOIDES Resolution,367,South China Sea Rifted Margin A,7-Feb-17,Hong Kong,Hong Kong,9-Apr-17,Hong Kong,Hong Kong,60.99,6.17,2.53,51.77,,43.16,2.5,3.88,0.46,0,1.78,0.52,2,4,230,588.5,9.66,4124.6,2025.8,2098.8,940.03,44.8,3801.7,3758.1,12,7,Adam Klaus,Stephen Midgley,Roy Davis,Chad Broyles,Joann Stock & Zhen Sun
JOIDES Resolution,368,South China Sea Rifted Margin B,9-Apr-17,Hong Kong,Hong Kong,11-Jun-17,Shanghai,China,63.22,5.05,5.78,52.39,,36.44,1.7,6.73,0,0,6.65,0.88,5,13,292,1339,10.1,4944.6,2619.5,2213.3,1601.1,72.3,3867.7,2816.6,11,3,Carlos Alvarez Zarikian,Kevin Grigar,William Mills,Brittany Martinez,Zhimin Jian & Hans Christian Larsen
JOIDES Resolution,368P/371T,Transit/Tie up,11-Jun-17,Shanghai,China,27-Jul-17,Townsville,Australia,45.75,26.08,15.52,3.15,,0,0,0,0,0.73,0,2.42,0,0,0,4356,11.2,0,0,0,0,,,,0,0,not applicable,Stephen Midgley/Kevin Grigar,Chieh Peng,,not applicable
JOIDES Resolution,371,Tasman Frontier,27-Jul-17,Townsville,Australia,26-Sep-17,Hobart,Australia,60.99,3.18,17.18,40.53,,32.77,1.8,0,0,0,5.96,0,6,11,410,4210,9.51,4847.3,1118.2,3729.1,2506.44,67.2,4846.7,1238.2,0,0,Peter Blum,Stephen Midgley,William Mills,Chad Broyles,Gerald Dickens & Rupert Sutherland
JOIDES Resolution,369,Australia Cretaceous Climate and Tectonics,26-Sep-17,Hobart,Australia,26-Nov-17,Fremantle,Australia,61.07,4.93,11.95,44.2,,38.72,4.23,0,0,0,1.25,0,5,14,417,2686.5,9.4,5204,1651.4,3552.61,2497.61,70.3,3838.8,849.7,1,0,Kara Bogus,William Rhinehart,Chieh Peng,Brittany Martinez,Richard Hobbs & Brian Huber
JOIDES Resolution,372,Creeping Gas Hydrate Slides and Hikurangi LWD,26-Nov-17,Fremantle,Australia,4-Jan-18,Lyttelton,New Zealand,38.76,7.32,14.63,16.81,,6.61,6.85,0.05,0,0,2.78,0.51,4,9,37,3928,11.4,2787.3,2589.4,197.9,186.8,94.4,3521.3,720.3,2,0,Leah LeVay,Kevin Grigar,William Mills,Inva Braha,Philip Barnes & Ingo Pecher
JOIDES Resolution,374,Ross Sea WAIC History,4-Jan-18,Lyttelton,New Zealand,8-Mar-18,Timaru,New Zealand,63.07,11.38,9.6,24.48,17.61,21.54,2.65,0.29,0,0,0,0,5,11,298,4438,10.66,3006.8,528.1,2478.7,1292.7,52.2,2394.4,557.6,2,0,Denise Kulhanek,Stephen Midgley,Chieh Peng,Brittany Martinez,Laura De Santis & Robert McKay
JOIDES Resolution,375,Hikurangi Subduction Margin,8-Mar-18,Timaru,New Zealand,5-May-18,Auckland,New Zealand,57.96,2.95,7.6,47.41,,34.23,0.47,7.86,0,1.98,2.34,0.52,4,14,231,1367.1,8,4396.4,2539.2,1857.2,1152.9,62.1,3522.1,1000.3,17,10,Katerina Petronotis,Kevin Grigar,Lisa Crowder,Catherine Smith,Demian Saffer & Laura Wallace
JOIDES Resolution,376,Brothers Arc Flux,5-May-18,Auckland,New Zealand,5-Jul-18,Auckland,New Zealand,61,4,2.32,54.68,,32.36,2.67,9.34,4.03,0,5.87,0.4,6,15,227,492,10.4,1595.2,351.2,1244,222.37,17.9,1735,1228.4,25,15,Tobias Hoefig,Stephen Midgley,William Mills,Inva Braha,Cornel de Ronde & Susan Humphris
JOIDES Resolution,376T/378P,Transit/Tie up,5-Jul-18,Auckland,New Zealand,15-Nov-18,Hong Kong,Hong Kong,133.22,106.77,24.88,1.57,,0,0,0,0,1.47,0,0.1,0,0,0,5664.8,11.8,0,0,0,0,,,,1,0,not applicable,Kevin Grigar/John Van Hyfte/Stephen Midgley,Lisa Crowder/Eric Moortgat,,not applicable
JOIDES Resolution,368X,Return to Hole U1503A,15-Nov-18,Hong Kong,Hong Kong,8-Dec-18,Hong Kong,Hong Kong,23,2.02,2.4,18.58,,16.49,0.75,1,0.04,0,0.06,0.24,1,1,87,567,10.1,1710.1,995.1,715,175.7,24.6,3867.7,3867.7,5,4,Laurel Childress,Stephen Midgley,Lisa Crowder,Inva Braha,not applicable
JOIDES Resolution,368T,Transit,8-Dec-18,Hong Kong,Hong Kong,18-Jan-19,Punta Arenas,Chile,41.79,5.09,36.36,0,,0,0,0,0,0,0,0,0,0,0,9886,11.4,0,0,0,0,,,,0,0,not applicable,Kevin Grigar,Chieh Peng,not applicable,not applicable
JOIDES Resolution,379,Amundsen Sea West Antarctic Ice Sheet,18-Jan-19,Punta Arenas,Chile,20-Mar-19,Punta Arenas,Chile,61,11.17,14.39,35.45,,17.68,0,0.78,0,0,16.85,0.15,2,11,151,3670,10.76,2730.9,1454.9,1276,1086.46,85.1,4190.2,3961.4,5,5,Adam Klaus,Stephen Midgley,William Mills,Catherine Smith,Karsten Gohl & Julia Wellner
JOIDES Resolution,382,Iceberg Alley,20-Mar-19,Punta Arenas,Chile,19-May-19,Punta Arenas,Chile,60.3,7.4,11.25,42.35,,31.97,0.71,0.42,0,0,8.41,0.16,5,18,417,2430.2,9.2,3715.4,487,3228.4,2809.38,87,3713.6,605.1,2,2,Trevor Williams,William Rhinehart,Lisa Crowder,Brittany Martinez,Maureen Raymo & Mike Weber
JOIDES Resolution,383,Pacific Antarctic Circumpolar Current,19-May-19,Punta Arenas,Chile,20-Jul-19,Punta Arenas,Chile,61.65,5.75,19.77,36.13,,23.41,0,0,0,0,12.65,0.07,6,19,310,5416.3,10,2949.5,300.8,2648.7,2636.4,99.5,4071.1,1099.8,0,0,Carlos Alvarez Zarikian,Kevin Grigar,Chieh Peng,Catherine Smith,Frank Lamy & Gisela Winckler
JOIDES Resolution,379T,JR100,20-Jul-19,Punta Arenas,Chile,18-Aug-19,Antofagasta,Chile,29,5.47,8.86,14.67,,12.79,0,0,0,0,1.84,0.02,8,25,241,2159,,2191.9,8.5,2183.4,2231.85,102.2,3068,680.9,0,0,Laurel Childress,Stephen Midgley,William Mills,Elizabeth Jimenez,Samantha Bova & Yair Rosenthal
JOIDES Resolution,385T,Revisiting Holes 504B and 896A,18-Aug-19,Antofagasta,Chile,15-Sep-19,San Diego,USA,28.47,1.53,16.23,11.24,,5.9,0,0.67,2.92,0,0.32,0.91,2,2,0,4503,11.83,0,0,0,0,,3462.7,3447.8,11,7,Peter Blum,Stephen Midgley,William Mills,,Beth Orcutt & Masako Tominaga
JOIDES Resolution,385,Guaymas Basin Tectonics and Biosphere,15-Sep-19,San Diego,USA,15-Nov-19,San Diego,USA,61.15,5.71,10.89,44.55,,39.68,2.51,0.71,0,0,1.05,0.6,7,26,755,2678.9,11,5284.4,532.6,4751.8,4176,87.9,2001.2,1585.6,6,0,Tobias Hoefig,Kevin Grigar,Lisa Crowder,Brittany Martinez,Daniel Lizarralde & Andreas Teske
JOIDES Resolution,378T,Transit,15-Nov-19,San Diego,USA,3-Jan-20,Lautoka,Fiji,47.73,25.58,20.94,0,,0,0,0,0,0,0,0,0,0,0,5301,10.5,0,0,0,0,,,,0,0,not applicable,Stephen Midgley,Chieh Peng,not applicable,not applicable
JOIDES Resolution,378,South Pacific Paleogene Climate,3-Jan-20,"Lautoka, Fiji",Fiji,6-Feb-20,Papeete,Tahiti,35.18,2.97,21.19,11.02,,10.53,0.04,0,0,0,0.42,0.03,1,5,145,5344,10.5,1848.8,633.4,1215.4,912.4,75.1,1221.7,1221.2,0,0,Laurel Childress,Kevin Grigar,Lisa Crowder,Catherine Smith,Ursula Roehl & Deborah Thomas
JOIDES Resolution,378S,Transit,6-Feb-20,Papeete,Tahiti,3-Mar-20,Balboa,Panama,25.61,2.04,18.56,4.8,,0,0,0,0,0,4.8,0,0,0,0,4473.8,10.8,0,0,0,0,,,,0,0,not applicable,Kevin Grigar,Lisa Crowder,,not applicable
JOIDES Resolution,387P/T,Transit/Tie up,3-Mar-20,Balboa,Panama,16-May-20,Amsterdam,Netherlands,73.9,6.66,17,50.24,,0,0,0,0,0,50.89,0,0,0,0,4974,9.7,0,0,0,0,,,,0,0,not applicable,William Rhinehart,William Mills,,not applicable
JOIDES Resolution,384P/T/A,Transit/Tie up,16-May-20,Amsterdam,Netherlands,20-Jul-20,Kristiansand,Norway,64.98,43.99,1.72,19.27,,0,0,0,0,0,20.27,0,0,0,0,400,9.8,0,0,0,0,,,,0,0,not applicable,Stephen Midgley,Chieh Peng,,not applicable
JOIDES Resolution,384,Engineering Testing,20-Jul-20,Kristiansand,Norway,24-Aug-20,Kristiansand,Norway,35.02,2.98,10.25,21.79,,17.51,1.82,0,0,0,2.46,0,2,11,59,2328,9.5,1972.6,1588.4,384.2,306.9,79.9,1871,1516.4,0,0,Peter Blum,William Rhinehart,Lisa Crowder,,not applicable
JOIDES Resolution,390P,Tie up,24-Aug-20,Kristiansand,Norway,5-Oct-20,Kristiansand,Norway,41.98,41.98,0,0,,0,0,0,0,0,0,0,0,0,0,0,,0,0,0,0,,,,0,0,not applicable,Kevin Grigar,Elizabeth Novak,,not applicable
JOIDES Resolution,390C,South Atlantic Transect Reentry Installations,5-Oct-20,Kristiansand,Norway,5-Dec-20,Cape Town,South Africa,61.25,2.72,29.11,29.17,,24.57,0,4.11,0,0.18,0.4,0.16,4,9,128,8078.6,11.6,1697.3,599.9,1097.4,865.05,78.8,5012.3,3055,8,1,Emily Estes,Stephen Midgley,Chieh Peng,Brittany Martinez,not applicable
JOIDES Resolution,390R,Tie up,5-Dec-20,Cape Town,South Africa,4-Feb-21,Cape Town,South Africa,60.79,60.79,0,0,,0,0,0,0,0,0,0,0,0,0,0,,0,0,0,0,,,,0,0,not applicable,Kevin Grigar,Lisa Crowder,,not applicable
JOIDES Resolution,395P,Tie up,4-Feb-21,Cape Town,South Africa,6-Apr-21,Cape Town,South Africa,61,61,0,0,,0,0,0,0,0,0,0,0,0,0,0,,0,0,0,0,,,,0,0,Trevor Williams,Stephen Midgley,Chieh Peng,not applicable,not applicable
JOIDES Resolution,395E,Complete South Atlantic Transect Reentry Installations,6-Apr-21,Cape Town,South Africa,5-Jun-21,Reykjavik,Iceland,60.37,9.08,30.4,20.61,,9.79,0,9.38,0,0.15,1.3,0,4,7,27,8096.8,10.62,1114.2,799.8,190.4,184.28,96.8,5010.7,3723.7,7,4,Peter Blum,William Rhinehart,William Mills,Lachlan Carel Lewis,not applicable
JOIDES Resolution,395C,Reykjanes Mantle Convection and Climate: Crustal Objectives,5-Jun-21,Reykjavik,Iceland,6-Aug-21,Reykjavik,Iceland,61.78,5.78,3.7,52.26,,39.83,6.21,2.99,0.13,0,2.16,0.97,5,11,406,840,10.6,4421.7,1555.1,2866.6,2444.4,85.3,2208.1,1417.9,8,6,Leah LeVay,Kevin Grigar,Lisa Crowder,Catherine Smith,not applicable
JOIDES Resolution,396,Mid-Norwegian Continental Margin Magmatism,6-Aug-21,Reykjavik,Iceland,5-Oct-21,Reykjavik,Iceland,60.33,5.19,8.14,47.01,,38.09,5.42,0,0,0,3.38,0.13,10,21,502,2291.17,7.99,3947.1,385,3562.1,2038.94,57.2,3167.2,1205.3,0,0,Carlos Alvarez Zarikian,Stephen Midgley,Chieh Peng,Brittany Martinez,Christian Berndt & Sverre Planke
JOIDES Resolution,396T,Transit/Tie up,5-Oct-21,Reykjavik,Iceland,6-Dec-21,Cape Town,South Africa,61.55,36.61,24.94,0,,0,0,0,0,0,0,0,0,0,0,6719,11.2,0,0,0,0,,,,0,0,not applicable,Kevin Grigar,William Mills,not applicable,not applicable
JOIDES Resolution,391,Walvis Ridge Hotspot,6-Dec-21,Cape Town,South Africa,5-Feb-22,Cape Town,South Africa,61.05,5.38,10.93,27.15,17.59,25.59,0,0.48,0,0,0.82,0.25,4,5,190,4811.75,10.51,1861,365,1496,953.57,63.7,3940.2,3027.2,2,1,Tobias Hoefig,Stephen Midgley,Lisa Crowder,Lachlan Carel Lewis,Kaj Hoernle & William Sager
JOIDES Resolution,392,Agulhas Plateau Cretaceous Climate,5-Feb-22,Cape Town,South Africa,7-Apr-22,Cape Town,South Africa,61.11,5.08,8.51,47.71,,37.83,3.1,0,0,0,6.19,0.58,4,10,315,2713.5,9.1,3178.3,588.8,2599,1979.9,76,4591.4,2492.9,0,0,Laurel Childress,William Rhinehart,William Mills,Catherine Smith,Steven Bohaty & Gabriele Uenzelmann-Neben
JOIDES Resolution,390,South Atlantic Transect 1,7-Apr-22,Cape Town,South Africa,7-Jun-22,Cape Town,South Africa,60.83,3.99,18.99,30.05,7.8,24.55,2.48,1.47,0,0,1.38,0.17,4,7,124,4623.6,10.2,904.5,0,904.5,700.34,77.4,5010.7,3057.6,5,5,Emily Estes,Stephen Midgley,Chieh Peng,Brittany Martinez,Rosalind Coggon & Jason Sylvan
JOIDES Resolution,393,South Atlantic Transect 2,7-Jun-22,Cape Town,South Africa,7-Aug-22,Cape Town,South Africa,61.21,4.07,19.39,37.75,,33.78,2.38,1.14,0,0,0.13,0.33,4,12,187,4446,9.7,1257.6,106,1151.6,775.2,67.3,4337.3,3055,9,5,Trevor Williams,Kevin Grigar,Lisa Crowder,Michelle Penkrot,Julia Reece & Damon Teagle
JOIDES Resolution,397P,Tie up,7-Aug-22,Cape Town,South Africa,10-Sep-22,Cape Town,South Africa,33.79,33.79,0,0,,0,0,0,0,0,0,0,0,0,0,0,,0,0,0,0,,,,0,0,not applicable,William Rhinehart,William Mills,not applicable,not applicable
JOIDES Resolution,397T,Transit and Return to Walvis Ridge Hotspot,10-Sep-22,Cape Town,South Africa,11-Oct-22,Lisbon,Portugal,31.16,2.09,21.11,7.95,,7.95,0,0,0,0,0,0,2,2,46,5442,10.8,707,276.2,430.8,241.4,56,3457.3,2304.8,0,0,Peter Blum,William Rhinehart,William Mills,Brittany Martinez,William Sager
JOIDES Resolution,397,Iberian Margin Paleoclimate,11-Oct-22,Lisbon,Portugal,11-Dec-22,Tarragona,Spain,60.86,4.91,4.76,51.2,,40.9,1.66,0,0,0,8.29,0.35,4,16,737,950.3,9.1,6232.9,303.5,5929.4,6176.7,104.2,4693.6,1338.5,0,0,Carlos Alvarez Zarikian,Kevin Grigar,Lisa Crowder,Lachlan Carel Lewis,Fatima Abrantes & David Hodell
JOIDES Resolution,398,Hellenic Arc Volcanic Field,11-Dec-22,Tarragona,Spain,10-Feb-23,Heraklion,Greece,60.96,5.23,6.74,48.99,,42.77,1.45,0.26,1.88,0,1.66,0.98,12,28,768,1579,10,7323.2,1620.1,5703.1,3346.4,58.7,693.1,291,2,1,Thomas Ronge,William Rhinehart,Chieh Peng,Brittany Martinez,Timothy Druitt & Steffen Kutterolf
JOIDES Resolution,398P,Transit and Tie up,10-Feb-23,Heraklion,Greece,12-Apr-23,Ponta Delgada,Azores,61.15,49.19,11.96,0,,0,0,0,0,0,0,0,0,0,0,2744.5,9.7,0,0,0,0,,,,0,0,Laurel Childress,Kevin Grigar,Elizabeth Novak,not applicable,not applicable
JOIDES Resolution,399,"Building Blocks of Life, Atlantis Massif",12-Apr-23,Ponta Delgada,Azores,12-Jun-23,Ponta Delgada,Azores,61,7.26,7.79,45.95,,35.82,3.86,4.1,1.57,0,0.16,0.43,2,4,287,1888,10.1,1436.9,49,1387.9,949.5,68.4,1656,861,15,11,Peter Blum,William Rhinehart,William Mills,Lachlan Carel Lewis,Susan Lang & Andrew McCaig
JOIDES Resolution,395,Reykjanes Mantle Convection and Climate,12-Jun-23,Ponta Delgada,Azores,12-Aug-23,Reykjavik,Iceland,61.01,4.24,10.23,46.54,,39.02,2.75,2.93,0.06,0,1.29,0.49,4,11,532,2543,10.8,5535.9,1138.3,4397.6,3825.8,87,2721.5,1878.1,4,3,Leah LeVay,Kevin Grigar,Chieh Peng,James Kowalski,Anne Briais & Ross Parnell-Turner
JOIDES Resolution,400,NW Greenland Glaciated Margin,12-Aug-23,Reykjavik,Iceland,13-Oct-23,Reykjavik,Iceland,62.49,4.99,15.28,42.22,,34.62,3.41,0.42,0,0,3.56,0.22,6,15,472,3662.6,10,4615.4,628.6,3986.8,2299.1,57.7,1954.9,540,3,2,Laurel Childress,William Rhinehart,Lisa Crowder,Lachlan Carel Lewis,Anne Jennings & Paul Knutz
JOIDES Resolution,400T,Transit/Tie up,13-Oct-23,Reykjavik,Iceland,10-Dec-23,Amsterdam,Netherlands,57.46,49.37,8.09,0,,0,0,0,0,0,0,0,0,0,0,1283,6.8,0,0,0,0,,,,0,0,Carlos Alvarez Zarikian,Kevin Grigar,Eric Moortgat,not applicable,not applicable
JOIDES Resolution,401, Mediterranean Atlantic Gateway Exchange,10-Dec-23,Amsterdam,Netherlands,9-Feb-24,Naples,Italy,61.01,2.97,10.6,47.44,,37.3,2.4,5.3,0.09,0,2.07,0.27,4,7,408,2778,10.9,5905.6,2740,3165.6,2605.1,82.3,2595.4,567.4,5,3,Trevor Williams,William Rhinehart,Chieh Peng,Lachlan Carel Lewis,Emmanuelle Ducassou & Rachel Flecker
